"english","polish"
"This is a barrel","To jest beczka"
"This is a Kalumo Fruit","To jest Kalumo Fruit"
"This is a fence","To jest płot"
"This is a wall","To jest ściana"
"This is a floor","To jest podłoga"
"This is a carpet","To jest dywan"
"This is a fridge","To jest lodówka"
"This is a cabinet","To jest szafka"
"This is a stove","To jest kuchenka"
"This is a flag","To jest flaga"
"This is Patricia","To jest Patricia"
"This is a plant","To jest roślina"
"This is a Joshua tree","To jest drzewo Joshua"
"This is a windmill","To jest wiatrak"
"This is a ground","To jest ziemia"
"This is a mountain","To jest góra"
"This is a mailbox","To jest skrzynka pocztowa"
"This is a cactus","To jest kaktus"
"This is a campfire","To jest ognisko"
"This is a rock","To jest skała"
"This is a well","To jest studnia"
"This is a car wreck","To jest wrak samochodu"
"This is a banana","To jest banan"
"This is a palm","To jest palma"
"This is a cow skull","To jest czaszka krowy"
"This is a dirty water","To jest brudna woda"
"This is a scrap knife","To jest nóż ze złomu"
"This is a pork chop","To jest kotlet schabowy"
"This is a sausage","To jest kiełbasa"
"This is a radio","To jest radio"
"This is a stool","To jest stołek"
"This is a door","To są drzwi"
"The door is jammed!","Drzwi się zacięły!"
"This is a roof","To jest dach"
"Girlfriend","Dziewczyna"
"Canyon","Kanion"
"Thomas… something terrible happened. While you were gone, wolves attacked the herd. None of our cows survived…","Thomas… stało się coś strasznego. Kiedy cię nie było, wilki zaatakowały nasze stado. Żadna z naszych krów nie przeżyła…"
"How did it happen?","Jak do tego doszło?"
"What do we do now? That herd provided us with meat and milk. Without it, we won’t survive long.","Co teraz zrobimy? To stado zapewniało nam mięso i mleko. Bez niego długo nie przetrwamy."
"There were a few… they came at night while I was sleeping. I heard the noise, but before I could do anything, it was already over. They weren’t ordinary wolves; they looked starving, like they’d been hunting for weeks.","Było ich kilka… przyszły w nocy, kiedy spałam. Słyszałam hałas, ale zanim zdążyłam coś zrobić, było już po wszystkim. To nie były zwykłe wilki; wyglądały na wygłodzone, jakby polowały od tygodni."
"I’ve been thinking… I read in one of the old books that there’s something called a Farm Restorer. Apparently, it can turn barren land into fertile farmland. If it’s not just a legend…","Myślałam o tym… W jednej ze starych książek przeczytałam o czymś zwanym Farm Restorer. Podobno potrafi zamienić jałową ziemię w żyzne pola uprawne. Jeśli to nie tylko legenda…"
"A Farm Restorer? That sounds like a fairy tale… What if it’s just a legend?","Farm Restorer? Brzmi jak bajka… A jeśli to tylko legenda?"
"Where should I start looking for this device?","Od czego mam zacząć poszukiwania tego urządzenia?"
"I’ll go check it out. Will you come with me?","Sprawdzę to. Pójdziesz ze mną?"
"Maybe… but without extra food, we won’t last long here. We can hunt, but it’s only enough for a short time. It’s worth trying to look for this device – it could be our only chance.","Może… ale bez dodatkowego jedzenia długo tu nie wytrzymamy. Możemy polować, ale to wystarczy tylko na krótko. Warto poszukać tego urządzenia – może być naszą jedyną szansą."
"Try going to Clearwater, a village to the east. I heard about it from wandering traders… maybe someone there knows something about it.","Spróbuj najpierw udać się do Clearwater, wioski na wschodzie. Słyszałam o niej od wędrownych handlarzy… może ktoś tam coś o nim wie."
"New quest added to journal","Nowe zadanie w dzienniku"
"I can’t. Someone has to stay and watch over the home. You’re stronger, you’ll handle the journey better. I’ll wait for you here.","Nie mogę. Ktoś musi zostać i pilnować domu. Jesteś silniejszy, lepiej poradzisz sobie w podróży. Będę tu na ciebie czekać."
"I'm setting off","Wyruszam"
"You earn 100 EXP.","Zdobywasz 100 EXP."
"Gate guard","Strażnik bramy"
"Clearwater","Clearwater"
"Halt! Not another step! What brings you to Clearwater? We don’t see many outsiders around here.","Stać! Ani kroku dalej! Co sprowadza cię do Clearwater? Rzadko widujemy tu obcych."
"I’ve come here to find something called the Farm Restorer. Do you know anything about it?","Przybyłem tu, żeby znaleźć Farm Restorer. Wiesz coś o nim?"
"I’m just passing through and looking for supplies","Tylko przechodzę. Szukam zapasów."
"I’ve heard this is a safe place to rest. Can I enter?","Słyszałem, że to bezpieczne miejsce na odpoczynek. Mogę wejść?"
"Sorry, I’m just passing by. I’ll be on my way.","Przepraszam, tylko przechodziłem. Idę dalej."
"The Farm Restorer, huh? You’ll want to speak to Elder Barnabas about that. He lives in the biggest house in the center of the village. He’s the one with the old knowledge.","Farm Restorer, mówisz? Najlepiej będzie, jak porozmawiasz ze Starszym Barnabasem. Znajdziesz go w największym domu w centrum wioski. To on tu najwięcej wie."
"Supplies? We don’t have much, but you can speak to Marcus, our quartermaster. He lives in the house to the right of the big one in the center of the village. He might have something left, but don’t expect much.","Zapasów? Nie mamy ich zbyt wiele, ale możesz porozmawiać z Marcusem, naszym kwatermistrzem. Mieszka on w domu po prawej stronie od dużego domu. Może coś mu zostało, ale nie licz na wiele."
"Go on in. Clearwater is one of the safer places in the wasteland. Just don’t cause any trouble. If you need supplies, go see Marcus. He lives in the house to the right of Elder Barnabas’s big house.","Wejdź. Clearwater to jedno z bezpieczniejszych miejsc na pustkowiu. Tylko nie sprawiaj kłopotów. Jeśli potrzebujesz zapasów, idź do Marcusa. Siedzi on zwykle w swoim domu po prawej stronie od domu Starszego Barnabasa."
"Hey, Thomas. How are you doing?","Hej, Thomas. Jak leci?"
"This is a barrier","To jest bariera"
"This is a notice board","To jest tablica ogłoszeń"
"This is Dog","To jest pies"
"This is a bucket","To jest wiadro"
"This is a broom","To jest miotła"
"This is a table","To jest stół"
"This is cheese","To jest ser"
"This is a flower","To jest kwiat"
"This is a slot machine","To jest automat do gier"
"This is an oil painting","To jest obraz olejny"
"This is a bookshelf","To jest regał na książki"
"This is a sewing machine","To jest maszyna do szycia"
"This is a newspaper","To jest gazeta"
"This is a bed","To jest łóżko"
"This is a crate","To jest skrzynia"
"This is a motorbike","To jest motocykl"
"This is a lookout tower","To jest wieża obserwacyjna"
"This is a cabbage","To jest kapusta"
"This is a tomato plant","To jest krzak pomidora"
"This is a map","To jest mapa"
"This is a throne","To jest tron"
"This is a VIP Cola","To jest VIP Cola"
"This is Barnabas","To jest Barnabas"
"This is Colby","To jest Colby"
"This is Ethan","To jest Ethan"
"This is a curtain","To jest zasłona"
"Medic","Medyk"
"Hello, traveler. My name is Henry, and I'm the medic of this village. I take care of the health of the villagers, though it's not always easy.","Witaj, podróżniku. Mam na imię Henry i jestem medykiem w tej wiosce. Dbam o zdrowie mieszkańców, choć nie zawsze jest to łatwe."
"What exactly do you do?","Czym dokładnie się zajmujesz?"
"Do you have any tasks for me?","Masz dla mnie jakieś zadania?"
"Goodbye.","Do widzenia."
"I treat people when they need help. Unfortunately, I have to make most of the medicines myself, as ready-made supplies are scarce. It’s hard work, especially when I'm short on ingredients.","Leczę ludzi, gdy potrzebują pomocy. Niestety większość leków muszę robić sam, bo gotowych zapasów jest niewiele. To ciężka praca, zwłaszcza gdy brakuje mi składników."
"Yes, I'm running low on ingredients to make HealthPaks. I would like you to bring me 6 Sandy Cactus Blossoms - they are pink flowers that grow on cacti. You can find them in the canyon west of the village, near the cacti. I would really appreciate it if you could bring them to me.","Tak, zaczyna mi brakować składników do produkcji HealthPaków. Potrzebuję 6 kwiatów kaktusa. To różowe kwiaty rosnące na kaktusach. Znajdziesz je w kanionie na zachód od wioski. Byłbym bardzo wdzięczny, gdybyś mi je przyniósł."
"Sorry, what exactly was I supposed to do for you?","Przepraszam, co dokładnie miałem dla ciebie zrobić?"
"I would like you to bring me 6 Sandy Cactus Blossoms - they are pink flowers that grow on cacti. They grow in the canyon west of the village, close to the cacti.","Chciałbym, żebyś przyniósł mi 6 kwiatów kaktusa. To różowe kwiaty rosnące na kaktusach. Znajdziesz je w kanionie na zachód od wioski."
"Villager","Mieszkaniec"
"Hey there! I’m Kate. My boyfriend Remsua and I have been here in Clearwater for a while now. What brings you to our quiet little village?","Hej! Jestem Kate. Razem z moim chłopakiem Remsuą mieszkamy w Clearwater już od jakiegoś czasu. Co sprowadza cię do naszej spokojnej wioski?"
"What do you and Remsua do?","Czym się zajmujecie na co dzień?"
"Can I do something for you?","Mogę ci w czymś pomóc?"
"Where can I find some supplies?","Gdzie mogę znaleźć jakieś zapasy?"
"I have to go now.","Muszę już iść."
"I make clothes. It keeps me busy and helps the folks around here. Remsua is good with his hands, always tinkering with something and fixing things.","Ja szyję ubrania. Dzięki temu mam pracę i mogę się przydać tutejszym ludziom. Remsua ma smykałkę do majsterkowania, ciągle coś naprawia."
"Actually, yeah! I’ve been craving some pre-war chips, but they're hard to come by around here. If you find a pack, I’d really appreciate it.","Właściwie tak! Mam ochotę na przedwojenne chipsy, ale trudno je tu zdobyć. Jeśli znajdziesz paczkę, będę bardzo wdzięczna."
"Where can I find chips?","Gdzie mogę znaleźć chipsy?"
"I’m not sure where to find chips around here. Maybe try checking with some of the traders or see if anyone has them stored away. I hope you can find some!","Nie wiem, gdzie można znaleźć chipsy. Spróbuj u handlarzy albo sprawdź, czy ktoś ich gdzieś nie przechowuje. Mam nadzieję, że je znajdziesz!"
"You can find supplies by asking around the village. Each villager usually has something to trade or sell, so it’s a good idea to speak to everyone.","Zapasy znajdziesz, pytając każdego z mieszkańców wioski. Każdy zwykle ma coś na wymianę lub sprzedaż, więc warto porozmawiać ze wszystkimi."
"This is a water tank","To jest zbiornik na wodę"
"This is a cattle","To jest bydło"
"Hey there! Haven't seen you around before. I'm Remsua. What brings you to this place?","Hej! Nie widziałem cię tu wcześniej. Jestem Remsua. Co cię tu sprowadza?"
"What do you do around here?","Czym się tu zajmujesz?"
"Do you need help with anything?","Czy mogę ci jakoś pomóc?"
"Do you sell supplies or know where I can find some?","Sprzedajesz zapasy albo wiesz, gdzie mogę jakieś znaleźć?"
"I have to go, see you later.","Muszę lecieć, do zobaczenia."
"I’m the guy who handles construction and repairs. If anything’s broken or needs building, I take care of it.","Zajmuję się budową i naprawami w wiosce. Jeśli coś się zepsuje albo trzeba coś zbudować, ludzie przychodzą do mnie."
"Actually, yes. I have an old slot machine, and it’s missing an electronic part. If you can find that part and repair my machine, I’d be very grateful.","Właściwie to tak. Mam stary automat do gier i brakuje mu jednego układu scalonego. Jeśli go znajdziesz i naprawisz mój automat to będę bardzo wdzięczny."
"Do you know where I can find the part for your slot machine?","Wiesz, gdzie mogę znaleźć część do twojego automatu?"
"You could try searching the junkyard. It's south of here, and it's pretty easy to find.","Spróbuj poszukać na złomowisku. Jest na południe stąd. Łatwo je znaleźć."
"I don't sell supplies myself, but the quartermaster next door might have something for you. You should check with him.","Sam nie sprzedaję zapasów, ale kwatermistrz obok może coś mieć. Sprawdź u niego."
"Quartermaster","Kwatermistrz"
"Hey there, traveler. My name is Marcus, the quartermaster of this village. I manage supplies and equipment maintenance. What are you looking for?","Hej, podróżniku. Mam na imię Marcus, jestem kwatermistrzem tej wioski. Zarządzam zapasami i konserwacją sprzętu. Czego tu szukasz?"
"I'm looking for information about the Farm Restorer.","Szukam informacji o Farm Restorerze."
"Just looking around.","Tylko się rozglądam."
"The Farm Restorer, you say? I’ve only heard rumors. Elder Barnabas might know more; he’s familiar with many old stories.","Farm Restorer, mówisz? Słyszałem o nim tylko z plotek. Starszy Barnabas może wiedzieć coś więcej. On zna się na prawie wszystkim."
"Actually, I might have something for you. We need a repair kit, and I heard from a scavenger that there’s one at the junkyard south of the village. It’s a dangerous place, but if you could retrieve it, it would be a great help to us.","Właściwie to mam coś dla ciebie. Potrzebujemy zestawu naprawczego. Słyszałem od jednego szabrownika, że jeden znajduje się na złomowisku na południe od wioski. To niebezpieczne miejsce, ale jeśli go odzyskasz, bardzo nam pomożesz."
"Where did you say I could find that repair kit?","Możesz powtórzyć gdzie znajdę ten zestaw naprawczy?"
"I need more information about the junkyard.","Potrzebuję więcej informacji o złomowisku."
"At the junkyard, just south of here. If no one has taken it before, it’s definitely there.","Jest on na złomowisku, na południe stąd. Jeśli nikt go wcześniej nie zabrał, to na pewno tam jest."
"The junkyard is an old, abandoned place. It’s full of dangerous traps and wild creatures that have made it their home. Watch out for sharp metal debris - rusty scraps can easily hide lurking threats. If you're lucky, you might find something valuable, but stay alert.","Złomowisko to stare, opuszczone miejsce. Pełno tam pułapek i dzikich stworzeń, które zrobiły sobie z niego dom. Uważaj na ostre kawałki metalu – zardzewiałe blachy mogą skrywać czyhające zagrożenie. Jeśli będziesz miał szczęście, może znajdziesz coś cennego, ale zachowaj czujność."
"Welcome back! Glad you’re back. How are you holding up?","Witaj z powrotem! Dobrze, że wróciłeś. Co tam u ciebie?"
"Hey there! It’s great to see you again!","Hej! Miło cię znów widzieć!"
"Back again? What can I do for you?","Wróciłeś? W czym mogę ci pomóc?"
"Hello. Good to see you again! I hope everything's been going well for you.","Witaj. Dobrze cię widzieć! Mam nadzieję, że wszystko u ciebie w porządku."
"Go talk to Patricia!","Porozmawiaj z Patricią!"
"This is Henry","To jest Henry"
"This is Kate","To jest Kate"
"This is Remsua","To jest Remsua"
"This is Marcus","To jest Marcus"
"Cowherd","Pastuch"
"Hey. I see you're new around here. I haven't seen you before. My name is Colby. I'm Barnabas's son. I look after the cattle around here. I'm a little busy right now. What do you need?","Hej. Widzę, że jesteś tu nowy. Wcześniej cię nie widziałem. Jestem Colby, syn Barnabasa. Opiekuję się tutejszym bydłem. Jestem trochę zajęty, więc mów czego potrzebujesz?"
"Don't take this the wrong way, but you don't really look like someone who herds cattle.","Nie odbierz tego źle, ale nie wyglądasz mi na kogoś, kto zajmuje się bydłem."
"Do you ever get tired of herding cattle?","Nie masz czasem dosyć pracy przy krowach?"
"See you, Colby.","Do zobaczenia, Colby."
"Everyone tells me that. I guess it's because I don't have a cowboy hat. I've been looking for one for a long time, but they're hard to find in the wasteland. The only person I know who has one is Franklin. If you find one, bring it to me. I'll reward you well.","Wszyscy mi to mówią. Chyba dlatego, że nie mam kowbojskiego kapelusza. Szukam go od dawna, ale na pustkowiu trudno taki znaleźć. Jedyną osobą, która go tutaj nosi, jest Franklin. Jeśli jakiś znajdziesz, przynieś mi go. Dobrze ci za niego zapłacę."
"Do you like this hat?","Może być taki kapelusz?"
"You earn 120 EXP.","Zdobywasz 120 EXP."
"Oh yeah, very stylish! Unfortunately, I don't have much money to pay you, so take my machete instead. It's a very good weapon on the wasteland.","O tak, jest bardzo stylowy! Niestety nie mam za wiele pieniędzy, żeby ci zapłacić, więc weź zamiast tego moją maczetę. To bardzo dobra broń na pustkowiu."
"Yeah, sometimes. I'd like to have an adventure someday, just like my father did. I even wanted to join the Black Eagles, but my father wouldn't let me. He says I can't risk my life because one day I'll be the Elder of Clearwater. That's why I herd cattle. It's a safe job.","Tak, czasami. Chciałbym kiedyś przeżyć przygodę, tak jak mój ojciec. Chciałem nawet dołączyć do Czarnych Orłów, ale ojciec mi nie pozwolił. Mówi, że nie mogę ryzykować swojego życia, bo pewnego dnia zostanę Starszym Clearwater. Dlatego pasę bydło. To bezpieczna praca."
"Black Eagles? What kind of gang are they?","Czarne Orły? Co to za banda?"
"You've never heard of them? The Black Eagles are awesome! Their leader is Baxton himself. They protect the President in Evergreen City and take part in dangerous convoys. And they wear these really cool black jackets. They're cool.","Nigdy o nich nie słyszałeś? Czarne Orły są super! Ich przywódcą jest sam Baxton. Chronią prezydenta w Evergreen City i biorą udział w niebezpiecznych konwojach. I noszą te naprawdę fajne czarne kurtki. Są mega."
"Elder","Starszy"
"Ah, a new face in Clearwater! My name is Barnabas. I’m 67 years old, and I’ve been leading this village for over two decades. My experience helps us survive these harsh times. What brings you to me, traveler?","O, nowa twarz w Clearwater! Mam na imię Barnabas. Mam 67 lat i od ponad dwóch dekad przewodzę tej wiosce. Moje doświadczenie pomaga nam przetrwać w tych ciężkich czasach. Co cię do mnie sprowadza, podróżniku?"
"I’m looking for something called the Farm Restorer. Have you heard of it?","Szukam czegoś, co nazywa się Farm Restorer. Słyszałeś o nim?"
"What happened to your eye?","Co stało się z twoim okiem?"
"Do you have a wife… or is it just you and your son, Colby?","Masz żonę, czy mieszkasz tylko z synem, Colbym?"
"Nothing. Thank you, I have to go now.","Nic. Dzięki, muszę już iść."
"I’ve heard of the Farm Restorer. I can help you, but first, do something for us. To the east, there’s an old gas station. Find 3 supply packages there and bring them to the village, then we’ll talk.","Słyszałem o Farm Restorerze. Mogę ci pomóc, jeśli ty zrobisz coś dla nas. Na wschodzie jest stara stacja benzynowa. Znajdują się tam 3 paczki z zapasami. Przynieś je do wioski, a potem porozmawiamy."
"Where exactly is the station?","Gdzie dokładnie jest stacja?"
"What should I expect at the station?","Czego mogę się spodziewać na stacji?"
"Alright, I’ll take care of it.","Dobra, zajmę się tym."
"Thank you, I have to go now.","Dziękuję, muszę już iść."
"The station is to the east of the village. Follow the main road until you see a small building with fuel pumps. Be careful, there are dangers lurking in that area.","Stacja jest na wschód od wioski. Idź główną drogą, aż zobaczysz mały budynek z pompami paliwa. Uważaj, w tej okolicy czai się dużo zagrożeń."
"Rumors speak of bandits and mutated creatures roaming around the station. Some of them have made it their home. You’ll need to be ready for a fight if you want to retrieve the supply packages.","Krążą plotki o szabrownikach i zmutowanych stworzeniach grasujących wokół stacji. Niektóre z nich zrobiły sobie tam dom. Jeśli chcesz odzyskać paczki z zapasami, musisz się przygotować do walki."
"Thank you, traveler. Our village really needs those supplies. Come back to me when you have them. Good luck!","Dziękuję, podróżniku. Nasza wioska naprawdę potrzebuje tych zapasów. Wróć do mnie, gdy je już zdobędziesz. Powodzenia!"
"That’s a long story… Before Clearwater even existed, I was traveling with a caravan. One night, bandits from Texas attacked us - I was the only one who made it out alive. I killed them all with my shotgun… but one of their bullets damaged my eye.","To długa historia… Zanim w ogóle powstało Clearwater, podróżowałem z karawaną. Pewnej nocy zaatakowali nas bandyci z Teksasu – tylko ja przeżyłem. Zabiłem wszystkich bandytów moją strzelbą… ale jedna z ich kul uszkodziła mi oko."
"I don’t have a wife. Not anymore. She died giving birth… Back then, there wasn’t even a doctor in the village. It’s just been me and the boy since. I’m doing what I can to raise him right.","Nie mam już żony. Zmarła przy porodzie… Wtedy we wsi nie było nawet lekarza. Od tamtej pory wychowuję syna sam. Robię, co mogę, żeby wyrósł na porządnego człowieka."
"Amb. RFA","Amb. RFA"
"Howdy, friend. I'm Franklin Wells, ambassador of the Republic of Free Arkansas. The woman next to me is my wife, Eleanor – beautiful, isn't she? How can I assist you?","Hej, przyjacielu. Jestem Franklin Wells, ambasador Republiki Wolnego Arkansas. Ta kobieta obok to moja żona, Eleanor – piękna, nieprawdaż? W czym mogę ci pomóc?"
"Tell me about the Republic.","Opowiedz mi o Republice."
"Where is the capital of the Republic?","Gdzie jest stolica Republiki?"
"Can I enter the capital?","Czy mogę wejść do stolicy?"
"Is Clearwater part of the Republic?","Czy Clearwater należy do Republiki?"
"What does your wife do?","Czym zajmuje się twoja żona?"
"Nice hat. Do you know where I can find one like it?","Fajny kapelusz. Wiesz, gdzie mogę znaleźć taki sam?"
"I have to go, take care.","Muszę już iść, trzymaj się."
"The Republic of Free Arkansas was established to ensure the safety and independence of our people after the war. We aim to create a stable community and foster good relationships with neighboring settlements.","Republika Wolnego Arkansas powstała, aby zapewnić bezpieczeństwo i niezależność naszym ludziom po wojnie. Chcemy stworzyć stabilną społeczność i utrzymywać dobre relacje z sąsiednimi osadami."
"Our capital is called Evergreen City, located to the southwest of here.","Nasza stolica Evergreen City znajduje się na południowy zachód stąd."
"Hmm, I can issue you a passport to Evergreen City, but first I need to know the reason you want to go there.","Hmm, mogę wystawić ci paszport do Evergreen City, ale najpierw muszę wiedzieć, dlaczego chcesz tam wejść."
"I just want to look around.","Chcę tam się tylko rozejrzeć."
"That’s not a good enough reason to enter. The capital’s been having serious issues with the poor stealing crops and other goods. Because of that, they haven’t been letting outsiders in. If you have a better reason, come back to me.","To nie jest wystarczający powód, żeby tam wejść. W mieście mamy poważne problemy z biedakami kradnącymi plony i inne towary. Dlatego nie wpuszczają obcych. Jeśli znajdziesz lepszy powód, wróć do mnie."
"No, Clearwater is not part of the Republic. For now, we only have this one embassy in the village, and we hope to convince Elder Barnabas to join us.","Nie, Clearwater nie należy do Republiki. Na razie mamy tu tylko ambasadę, ale mamy nadzieję, że uda się przekonać Starszego Barnabasa, by do nas dołączył."
"Eleanor helps me with my work as ambassador. She's great at conversations and negotiations. Thanks to her, we maintain good relations with other settlements.","Eleanor pomaga mi w pracy ambasadora. Świetnie radzi sobie w rozmowach i negocjacjach. Dzięki niej utrzymujemy dobre relacje z innymi osadami."
"Thanks. I bought it in Evergreen City. Unfortunately, the seller was killed in a Goldrax attack on a convoy a few years ago. It's possible someone in Evergreen City still has one in their closet.","Dzięki. Kupiłem go w Evergreen City. Niestety sprzedawca zginął kilka lat temu podczas ataku Goldraxów na konwój. Możliwe, że ktoś w Evergreen City ma nadal taki kapelusz w szafie."
"This is Eleanor","To jest Eleanor"
"This is Franklin","To jest Franklin"
"This is Dylan","To jest Dylan"
"Hello, I’m Eleanor!","Cześć, jestem Eleanor!"
"A beautiful day, isn’t it?","Piękny dzień, prawda?"
"How can I help you?","W czym mogę pomóc?"
"Welcome to our home!","Witaj w naszym domu!"
"Have you met my husband?","Poznałeś mojego męża?"
"This is a portrait of ","To jest portret"
"President J. F. Kennedy","prezydenta Kennedy’ego."
"This is a vase","To jest wazon"
"This is an armchair","To jest fotel"
"You picked up:","Podniosłeś:"
"■ Scrap Knife","■ Nóż ze złomu"
"■ Bread","■ Chleb"
"■ Dirty Water","■ Brudna woda"
"■ Pork Chop","■ Kotlet schabowy"
"■ Sausage","■ Kiełbasa"
"■ Kalumo Fruit","■ Kalumo Fruit"
"You don't have any raw","Nie masz surowego"
"meat or fish.","mięsa ani ryby."
"■ VIP Cola","■ VIP Cola"
"■ Cheese","■ Ser"
"■ Old newspaper","■ Stara gazeta"
"This is a wrench","To jest klucz płaski"
"■ Wrench Tool","■ Klucz płaski"
"■ Watering Can","■ Konewka"
"<color=#FFB000>It’s your turn</color>","<color=#FFB000>Twoja tura</color>"
"<color=#FFB000>AP: ■ ■ ■ </color>","<color=#FFB000>PA: ■ ■ ■ </color>"
"<color=#FFB000>AP: ■ </color>","<color=#FFB000>PA: ■ </color>"
"<color=#FFB000>AP: ■ ■ </color>","<color=#FFB000>PA: ■ ■ </color>"
"Scorpion got hit! Loses","Trafiłeś Skorpiona! Traci"
"4 point(s).","4 punkty."
"<color=#FFB000>Your turn has ended.</color>","<color=#FFB000>Twoja tura się skończyła.</color>"
"You're hit! You lose 6","Thomas oberwał! Traci 6"
"point(s).","pkt."
"Scorpion missed.","Skorpion chybił."
"Thomas missed.","Thomas chybił."
"You don't have enough AP","Potrzebujesz więcej PA!"
"CRITICAL HIT! You lose 12","KRYTYK! Thomas traci 12"
"Scorpion dies.","Skorpion ginie."
"You earn 35 EXP.","Zdobywasz 35 EXP."
"CRITICAL HIT! Scorpion","DOSTAŁ KRYTYKA! Skorpion"
"loses 8 point(s).","traci 8 pkt."
"loses 40 point(s).","traci 40 pkt."
"20 point(s).","20 punktów."
"This is a debris","To jest gruz."
"This is scorpion","To jest skorpion"
"This is a repair kit","To jest zestaw naprawczy"
"This is a bath","To jest wanna"
"This is a metal fence","To jest metalowy płot"
"5 point(s).","5 punktów."
"loses 10 point(s).","traci 10 pkt."
"loses 20 point(s).","traci 20 pkt."
"10 point(s).","10 punktów."
"■ Repair Kit","■ Zestaw naprawczy"
"I have the repair kit you asked for.","Mam zestaw naprawczy, o który prosiłeś."
"Great, that’s exactly what we needed. As a reward for your effort, I’ll give you a pistol I found in the ruins of a police station, along with a pack of ammunition. Maybe we’ll have more work for you in the future.","Świetnie, dokładnie tego potrzebowaliśmy. W nagrodę za twój wysiłek dam ci pistolet, który znalazłem w ruinach posterunku policji, wraz z paczką amunicji. Może w przyszłości będziemy mieli dla ciebie więcej pracy."
"Do you have anything else that needs doing?","Masz jeszcze coś do zrobienia?"
"I found the pre-war fromage chips for you.","Znalazłem dla ciebie przedwojenne chipsy fromage."
"You earn 75 EXP.","Zdobywasz 75 EXP."
"<color=#FFB000>Level Up! New level: 1</color>","<color=#FFB000>Awans! Nowy poziom: 1</color>"
"Wow, you actually got them! Thank you! The taste hasn’t changed since before the nuclear war - perfect for a cozy evening. I don’t have much to give you, but here’s a lockpick. It’ll help you open different locks. Thanks again!","Naprawdę je zdobyłeś! Dzięki! Smak się nie zmienił od czasów z przed wojny nuklearnej. Są idealne na wieczór. Nie mam zbyt wiele, co mogłabym ci dać, ale weź ten wytrych. Pomoże ci otwierać różne zamki. Jeszcze raz dzięki!"
"That’s all for now. If something comes up, I’ll let you know. Thanks for your help.","To wszystko na razie. Jeśli coś będę miał, dam ci znać. Dzięki za pomoc."
"Cabinet is locked.","Szafka jest zamknięta."
"Use a lockpick.","Użyj wytrycha."
"Biker","Motocyklista"
"Hey, I’m Dylan. What do you want from a poor guy stuck on the way to Missouri?","Hej, jestem Dylan. Czego chcesz od biednego człowieka, który utknął w drodze do Missouri?"
"What happened, Dylan?","Co się stało, Dylan?"
"Can I help you with something?","Mogę ci w czymś pomóc?"
"Nice shirt, where did you get it?","Fajna koszula, skąd ją masz?"
"Alright, I’m off. Take care, Dylan.","Dobra, spadam. Trzymaj się, Dylan."
"You again. What do you want from a poor guy stuck here?","Znowu ty. Czego chcesz od biednego człowieka, który utknął tutaj?"
"I left Silverton down south, heading to my brother in Missouri. On the way through Clearwater, I ran out of fuel. I didn’t feel too good in the town I was in before - bandits from Texas kept attacking. And that’s how I ended up stuck here.","Opuściłem Silverton na południu, aby udać się do mojego brata w Missouri. Po drodze, przejeżdżając przez Clearwater, skończyło mi się paliwo. W mieście, w którym wcześniej mieszkałem, nie czułem się zbyt bezpiecznie. Bandyci z Teksasu ciągle nas atakowali. Tak właśnie utknąłem tutaj."
"Yeah, you can. Bring me a fuel can. You can find an empty one at my place in Silverton. As for the fuel, I heard there’s an old gas station to the east of here - maybe there’s still something left.","Tak, możesz. Przynieś mi kanister z paliwem. Pusty kanister znajdziesz u mnie domu w Silverton. A jeśli chodzi o paliwo, słyszałem, że na wschód stąd jest stara stacja benzynowa. Może coś tam jeszcze zostało."
"Where should I look for fuel?","Gdzie mogę znaleźć paliwo?"
"I heard there's an old gas station to the east of here. Maybe there's still something left. You can find an empty can at my place in Silverton.","Słyszałem, że na wschód stąd jest stara stacja benzynowa. Może coś tam jeszcze zostało. Pusty kanister znajdziesz u mnie w domu w Silverton."
"Thanks! It’s a Hawaiian shirt, I bought it in Silverton. There are many traders there with interesting goods.","Dzięki! To hawajska koszula, którą kupiłem w Silverton. Jest tam wielu handlarzy z ciekawymi towarami."
"<color=#FFB000>AP: ■ ■ ■ ■ ■ </color>","<color=#FFB000>PA: ■ ■ ■ ■ ■ </color>"
"CRITICAL HIT! Wolf","DOSTAŁ KRYTYKA! Wilk"
"Wolf dies.","Wilk ginie."
"You earn 40 EXP.","Zdobywasz 40 EXP."
"Wolf missed.","Wilk chybił."
"You're hit! You lose 8","Thomas oberwał! Traci 8"
"Wolf got hit! Loses","Trafiłeś Wilka! Traci"
"I brought you the Sandy Cactus Blossoms.","Przyniosłem ci Kwiaty Kaktusa."
"Excellent work! With these blossoms, I can prepare new HealthPaks to help the people of Clearwater village. As a thank-you, here are two bottles of HealthPak. I hope they serve you well. Thank you again - you’ve done a great job!","Świetna robota! Dzięki tym kwiatom mogę przygotować nowe HealthPaki dla mieszkańców Clearwater. W podziękowaniu masz dwie butelki HealthPaku. Mam nadzieję, że ci się przydadzą. Jeszcze raz dzięki – spisałeś się świetnie!"
"It’s broken","To jest zepsute"
"You need a wrench","Użyj klucza płaskiego"
"You failed to repair it.","Nie naprawiłeś tego."
"You fixed it!","Naprawiłeś to!"
"It works correctly","Działa prawidłowo"
"I found the integrated circuit and repaired the machine.","Znalazłem układ scalony i naprawiłem twój automat."
"Great! You really helped me out. The machine is running again here’s $100 as a token of my gratitude!","Super! Dzięki tobie mój automat znowu działa. Oto twoje 100 dolarów. Zasłużyłeś na nie."
"Do you have any other tasks for me?","Czy masz dla mnie jeszcze coś do zrobienia?"
"No, that’s all for now. Thank you again for your help – it really made a difference!","Nie, to wszystko na tę chwilę. Jeszcze raz dzięki ci za pomoc. Naprawdę wiele dla mnie zrobiłeś!"
"<color=#FFB000>AP: ■ ■ ■ ■ </color>","<color=#FFB000>PA: ■ ■ ■ ■ </color>"
"From the year 2087, tensions between the Soviet Union and the United States escalated month by month. The race for rare earth metals and influence pushed the world to the brink of annihilation.","Od 2087 roku napięcia między Związkiem Radzieckim a Stanami Zjednoczonymi rosły z miesiąca na miesiąc. Wyścig o metale ziem rzadkich i wpływy doprowadził świat na skraj zagłady."
"In 2097, nuclear war broke out. The USSR and the USA exchanged hundreds of warheads. Cities vanished from the map, billions perished. Earth was no longer a home – it became a wasteland.","W 2097 roku wybuchła wojna nuklearna. ZSRR i USA wymieniły setki głowic. Miasta zniknęły z map, zginęły miliardy ludzi. Ziemia przestała być domem – stała się pustkowiem."
"The USA fell apart. Each state declared independence, forming its own republic. In the power vacuum, new governments emerged – built by armed gangs or surviving politicians.","USA rozpadły się. Każdy stan ogłosił niepodległość, tworząc własną republikę. W próżni władzy powstały nowe rządy – tworzone przez uzbrojone gangi lub ocalałych polityków."
"The year was 2125. In the Republic of Arkansas, deep in a forgotten canyon, Thomas lived with Patricia in a house made of sun-dried brick. One day, as Thomas returned from a failed hunt, a message awaited him - one he wished he would never have to hear.","Był rok 2125. W Republice Arkansas, głęboko w zapomnianym kanionie, Thomas mieszkał z Patricią w domu z suszonej cegły. Pewnego dnia, gdy Thomas wrócił z nieudanych łowów, czekała na niego wiadomość – taka, której nigdy nie chciałby usłyszeć."
"Current Quests","Aktualne zadania"
"Find the Farm Restorer","Znajdź Farm Restorer"
"This is a latrine","To jest latryna"
"Searching for Pre-War Chips","Poszukiwanie przedwojennych chipsów"
"Repair the Slot Machine","Napraw automat do gier"
"Retrieve the Repair Kit","Odzyskaj zestaw naprawczy"
"Bring a fuel can for the motorcycle","Przynieś kanister na paliwo do motocykla"
"Find a Cowboy Hat for Colby","Znajdź kowbojski kapelusz dla Colby'ego"
"You don't have current Quests!","Nie masz aktualnych zadań!"
"Gather Resources from the Gas Station\n(3 Packages)","Zbierz zasoby ze stacji benzynowej\n(3 paczki)"
"Gather 6 Sandy Cactus Blossoms","Zbierz 6 Kwiatów Kaktusa"
"Cannot be used during","Nie można używać podczas"
"combat","walki"
"You're hit! You lose 4","Thomas oberwał! Traci 4"
"Bandit missed.","Bandyta chybił."
"Bandit got hit! Loses","Trafiłeś bandytę! Traci"
"CRITICAL HIT! You lose 8","KRYTYK! Thomas traci 8"
"Bandit dies.","Bandyta ginie."
"You earn 50 EXP.","Zdobywasz 50 EXP."
"You earn 60 EXP.","Zdobywasz 60 EXP."
"This is a gas pump","To jest dystrybutor paliwa"
"This is a vending machine","To jest automat"
"This is a counter","To jest lada"
"This is a cash register","To jest kasa"
"This is a Supply Pack","To jest paczka z zapasami"
"This is a shelf","To jest półka"
"This is a tyre","To jest opona"
"■ Supply Pack","■ Paczka z zapasami"
"This is a red cap","To jest czerwona czapka"
"■ Red Cap","■ Czerwona czapka"
"This is an utility pole","To jest słup energetyczny"
"This is a gas tank","To jest zbiornik paliwa"
"This is a road","To jest droga"
"Welcome back, traveler! How was your journey?","Witaj z powrotem, podróżniku! Jak minęła podróż?"
"I’ve brought the packages you asked for.","Przyniosłem paczki, o które prosiłeś."
"You earn 500 EXP.","Zdobywasz 500 EXP."
"Thank you, traveler! This means a lot to our village. Alright, now we can talk about the Farm Restorer.","Dziękuję ci, podróżniku! To wiele znaczy dla naszej wioski. Dobrze, teraz możemy porozmawiać o Farm Restorerze."
"What do you know about the Farm Restorer?","Co wiesz o Farm Restorerze?"
"I once read a book that had the blueprint for such a device and the location where you might find a working one. That book is in the library in Evergreen City, southwest of here. If you truly want to find the Farm Restorer, I suggest starting there.","Kiedyś przeczytałem książkę, w której znajdował się plan takiego urządzenia i miejsce, gdzie można znaleźć działający egzemplarz. Ta książka jest w bibliotece w Evergreen City, na południowy zachód stąd. Jeśli naprawdę chcesz znaleźć Farm Restorer, zacznij właśnie tam."
"Where exactly is Evergreen City?","Gdzie dokładnie jest Evergreen City?"
"What do you know about Evergreen City?","Co wiesz o Evergreen City?"
"Evergreen City is southwest of here, in the middle of the desert. It’s a fairly large city that stands out against the barren desert landscape. Stick to the main trail, and you’ll eventually reach it. But be careful - these lands are full of mutated animals. It’s best to be prepared for anything.","Evergreen City leży na południowy zachód stąd, pośrodku pustyni. To dość duże miasto wyróżniające się na tle jałowego krajobrazu. Trzymaj się głównego szlaku, a w końcu tam dojdziesz. Ale uważaj – te tereny pełne są zmutowanych zwierząt. Lepiej dobrze się przygotuj."
"It’s the capital of the Republic of Free Arkansas, twice the size of Clearwater. It’s full of farmers, and there’s a bar that serves as a stop for travelers. The city is bustling with life. If you get there, contact President Nixon. He’s someone who might be able to help you.","To stolica Republiki Wolnego Arkansas. Jest dwa razy większa od Clearwater. Pełno tam rolników. W mieście jest też bar, w którym zatrzymują się podróżni. Miasto tętni życiem. Jeśli tam dotrzesz, skontaktuj się z prezydentem Nixonem. Może będzie w stanie ci pomóc."
"Find the Library in Evergreen City","Znajdź bibliotekę w Evergreen City"
"Barnabas told me about the library there, and I want to use it.","Barnabas opowiedział mi o tamtejszej bibliotece i chcę z niej skorzystać."
"If he told you, that means he trusts you. It’s not easy to gain his trust, not many people know about that library. That’s a good reason. Here’s your passport. Give it to the gatekeeper, he’ll let you in.","Skoro ci o niej powiedział, to znaczy, że ci ufa. Niełatwo zdobyć jego zaufanie, a niewiele obcych wie o tej bibliotece. To dobry powód. Oto twój paszport. Daj go strażnikowi przy bramie, a cię wpuści."
"Gatekeeper","Strażnik bramy"
"Evergreen City","Evergreen City"
"What do you want from me, stranger?","Czego chcesz, obcy?"
"Can you open the gate?","Możesz otworzyć bramę?"
"I’ll be back later.","Wrócę później."
"Show me your passport if you want to get in.","Pokaż paszport, jeśli chcesz wejść."
"I have a passport.","Mam paszport."
"Alright, I’ll check it... Yep, everything’s fine. I’ll open the gate.","Dobrze, sprawdzę go... Tak, wszystko się zgadza. Otwieram bramę."
"This is an arc","To jest łuk"
"This is a pillar","To jest filar"
"This is a Fence","To jest ogrodzenie"
"This is dog named Ciri","To jest Ciri"
"This is a chair","To jest krzesło"
"This is a baked beans","To jest puszka fasolki"
"This is a Butcher's table","To jest stół rzeźniczy"
"This is a poster","To jest plakat"
"This is Hannah","To jest Hannah"
"This is Roy","To jest Roy"
"Need a drink? The water’s fresh from the well.","Potrzebujesz czegoś do picia? Woda jest świeżo ze studni."
"It’s tough out here, but we make do.","Ciężko tu, ale jakoś sobie radzimy."
"The cattle are restless today.","Bydło jest dziś niespokojne."
"Roy says I worry too much, but someone has to.","Roy mówi, że za bardzo się martwię, ale ktoś musi."
"Rancher","Farmer"
"Hello, stranger. What brings you here? Not many people stop by just like that.","Witaj, nieznajomy. Co cię tu sprowadza? Niewielu ludzi zatrzymuje się tutaj bez powodu."
"What kind of work do you do?","Czym się parasz na co dzień?"
"Do you have anything for sale?","Masz coś na sprzedaż?"
"Do you need help with something?","Czy mogę ci jakoś pomóc?"
"No more questions. See you around.","Nie mam już więcej pytań. Do zobaczenia."
"Hello, stranger. What brings you here?","Hej, nieznajomy. Co cię tu sprowadza?"
"I’m a cattle rancher. The meat feeds the townsfolk, and I make sausage from the rest. The problem is, the pastures east of the city have been overrun by goldraxes - giant, golden, shell-covered beasts. And I have to pay the Black Eagles for protection, or doing business would be even harder.","Jestem hodowcą bydła. Zapewniam mieszkańcom mięso, a z reszty robię kiełbasę. Mam tylko jeden problem. Moje pastwiska na wschód od miasta opanowały Goldraxy – wielkie, złote bestie pokryte skorupą. Muszę też płacić Czarnym Orłom za ochronę, bo bez niej prowadzenie interesu byłoby jeszcze trudniejsze."
"I’ve got some sausage, but it’s not cheap. The goldraxes are blocking the pastures, so my cattle can’t graze. On top of that, I have to pay the Black Eagles for protection, because no one else will keep me safe. If you’ve got dollars, I can sell you something, but it won’t come cheap.","Mam trochę kiełbasy, ale nie jest tania. Goldraxy blokują pastwiska, więc moje bydło nie ma gdzie się paść. Do tego muszę płacić Czarnym Orłom za ochronę, bo nikt inny mnie nie ochroni. Jeśli masz dolary, mogę ci coś sprzedać, ale nie będzie tanio."
"Help? If you’ve got the guts, you could deal with those goldraxes. They’re giant, golden beasts that have taken over the pastures east of the city. Anyone who’s tried to drive them off hasn’t come back. If you can kill them, I’ll be able to graze my herd again. You’d help us all.","Pomóc? Jeśli masz odwagę, możesz rozprawić się z tymi Goldraxami. To wielkie, złote bestie, które opanowały pastwiska na wschód od miasta. Nikt, kto próbował je przepędzić, nie wrócił. Jeśli je zabijesz, znów będę mógł wypasać stado. Pomożesz nam wszystkim."
"Where exactly are those pastures again?","Gdzie dokładnie są te pastwiska?"
"The pastures are east of the city, just past the old highway. You’ll spot the fields of grass and a few fences once you cross it. That’s where the hellish goldraxes are.","Pastwiska są na wschód od miasta, tuż za starą autostradą. Gdy ją przekroczysz, zobaczysz pola trawy i kilka płotów. Tam są te piekielne Goldraxy."
"Got nothing to give, so don’t bother asking.","Nie mam nic do zaoferowania, więc nawet nie pytaj."
"Evergreen City’s a desert of broken dreams.","Evergreen City to pustynia rozbitych marzeń."
"If you want to survive, trust no one.","Jeśli chcesz przeżyć, nikomu nie ufaj."
"Don’t look at me like that.","Nie patrz na mnie w ten sposób."
"This is Silas","To jest Silas"
"This is Levi","To jest Levi"
"This is a mattress","To jest materac"
"This is Finn","To jest Finn"
"This city chews you up and spits you out.","To miasto przeżuwa cię i wypluwa."
"Got any food? Or should I keep dreaming?","Masz jakieś jedzenie? Czy mam dalej marzyć?"
"I had a life once. Now I’ve just got dust and regrets","Kiedyś miałem życie. Teraz zostały mi tylko kurz i żal"
"Poor man","Biedak"
"What are you looking for? If you’re here to take what’s left, you’d better hurry. I’m not going to put up a fight.","Czego szukasz? Jeśli przyszedłeś zabrać mi to, co jeszcze zostało, lepiej się pospiesz. Nie będę stawiać oporu."
"I don’t want to take anything from you. I’m just wondering how you manage to survive in these times.","Nie chcę ci nic zabierać. Zastanawiam się tylko, jak udaje ci się przetrwać w tych czasach."
"You look like you’ve had a rough day.","Wyglądasz, jakbyś miał ciężki dzień."
"Do you always talk to newcomers like that, or am I just lucky?","Z każdym nowym tak rozmawiasz, czy tylko ja mam takie szczęście?"
"Can I help you with anything?","Mogę ci w czymś pomóc?"
"I should go now. Take care.","Muszę już iść. Trzymaj się"
"Survive? Hah… There’s no surviving here, just slowly dying. It wasn’t always like this… The world used to be different. Do you know what I’d give for just a small piece of the old days? A can of Vip Cola. Yeah, I know it’s stupid, but its taste would remind me that things were better once.","Przetrwać? Ha… Tutaj nie da się przetrwać. Tu można tylko powoli umierać. Ale nie zawsze tak było… Świat kiedyś wyglądał inaczej. Wiesz, za czym najbardziej tęsknię? Za puszką Vip Coli. Wiem, że to głupie, ale jej smak przypomniałby mi, jak dobrze kiedyś było."
"A rough day? Hah, every day’s rough when you live here. But you didn’t come to cheer me up, did you? What do you want?","Ciężki dzień? Ha, każdy dzień jest ciężki, gdy tu mieszkasz. Ale nie przyszedłeś mnie pocieszać, prawda? Czego chcesz?"
"Lucky? If that’s what you call it… Everyone gets the same welcome here. The world taught us not to trust strangers. So get to the point - what do you want?","Szczęście? Jeśli tak to nazywasz… Tutaj każdy dostaje takie samo powitanie. Świat nauczył nas nie ufać obcym. Więc do rzeczy – czego chcesz?"
"Help? I don’t think you can help me. Unless… you’ve got a can of Vip Cola. That’d be something… The only luxury I can afford in my dreams.","Pomóc? Nie sądzę, żebyś mógł mi pomóc. Chyba że… masz puszkę Vip Coli. To byłoby coś… Jedyny luksus, o jakim mogę tylko pomarzyć."
"This is Ryder","To jest Ryder"
"This is a Hank","To jest Hank"
"This is Kane","To jest Kane"
"Guard","Strażnik"
"Oh, for fuck’s sake… What now? You just gonna stand there drooling, or do you actually want something?","Ja pierdolę… Co znowu? Będziesz tak stał i się gapił, czy czegoś, kurwa, chcesz?"
"May I ask who you are?","Mogę zapytać, kim jesteś?"
"Alright, I’m leaving.","Dobra, idę już."
"You don’t need to know who I am. Just get the hell out of here, before I make you regret asking.","Nie musisz wiedzieć, kim jestem. Wynoś się stąd, zanim sprawię, że pożałujesz tego pytania."
"Well, well, look who crawled back. You really can’t stay away, huh? What’s your deal this time?","No proszę, proszę, znowu tu przylazłeś. Naprawdę nie możesz się trzymać z daleka, co? Czego tym razem chcesz?"
"Tch… Can’t even enjoy a damn beer in peace. What do you want?","Cholera… Człowiek nie może się nawet spokojnie napić piwa. Czego chcesz?"
"Who are you?","Kim jesteś?"
"Fine, enjoy your drink.","Dobra, chlej dalej."
"I’m your worst fucking nightmare. And if you’ve got a brain, you’ll get the fuck out of my face.","Jestem twoim najgorszym, pierdolonym koszmarem. Jeśli masz choć trochę rozumu, to wypierdalaj stąd."
"Bartender","Barman"
"Welcome to my bar. What can I do for you? Looking for a drink?","Witam w moim barze. Co mogę dla ciebie zrobić? Napijesz się czegoś?"
"What do you have to drink?","Co masz do picia?"
"Is there a store in town where I can buy something to eat?","Czy w mieście jest sklep, w którym mogę kupić coś do jedzenia?"
"Know any rumors around town?","Słyszałeś jakieś plotki w mieście?"
"What can you tell me about the Black Eagles?","Co możesz mi powiedzieć o Czarnych Orłach?"
"Take care. Maybe we’ll meet again someday.","Trzymaj się. Może jeszcze kiedyś się spotkamy."
"On the shelf, I’ve got Jager Lord, James Dalton whiskey, wine, and Buffalo beer. Pick your poison, as long as you’ve got the dollars.","Mam Jager Lord, whiskey James Dalton, wino i piwo Buffalo. Wybierz, co chcesz, jeśli masz dolary."
"Yeah. Jerry runs a grocery store. You'll find it at the far end of Evergreen City, right next to the gardener's house.","Tak. Jerry prowadzi sklep spożywczy. Znajdziesz go na drugim końcu Evergreen City, tuż obok domu ogrodnika."
"I heard Roy’s been having trouble with goldraxes. Those beasts have blocked his pastures, and now his cattle are starving. But Roy’s been telling everyone who’ll listen, so maybe you’ve already heard.","Słyszałem, że Roy ma problemy z Goldraxami. Bestie zajęły jego pastwiska, przez co bydło zaczyna głodować. Roy rozpowiada o tym na prawo i lewo, więc pewnie już o tym słyszałeś."
"The Black Eagles? They’re the president’s bodyguards. Their leader, Baxton, is an arrogant type. They’re the ones who helped the president rise to power. Now they mostly sit in my bar, drinking vodka and pretending to protect the city. I really don’t know anything more about them.","Czarne Orły? To ochroniarze prezydenta. Ich przywódca, Baxton, to strasznie arogancki typ. To oni pomogli prezydentowi zdobyć władzę. Teraz głównie siedzą w moim barze, piją wódkę i udają, że pilnują miasta. Szczerze mówiąc, niewiele więcej o nich wiem."
"Welcome back. What can I do for you? Looking for a drink?","Witaj ponownie. Co mogę dla ciebie zrobić? Napijesz się czegoś?"
"This is a Kalumo Tree","To jest drzewo Kalumo"
"This is dog named Lucy","To jest Lucy"
"This is a wheelbarrow","To jest taczka"
"This is a corn plant","To jest kukurydza"
"This is Caleb","To jest Caleb"
"This is Mabel","To jest Mabel"
"Farmer","Farmer"
"Hello. Not many people stop by here. What do you need?","Witaj. Niewiele osób tu zagląda. Czego potrzebujesz?"
"Looks like you’ve got a lot of work here. How are you managing?","Wygląda na to, że masz tu dużo pracy. Jak sobie radzisz?"
"What do you do with all the corn you grow?","Co robisz z kukurydzą po zbiorach?"
"Do you have any problems I could help with?","Masz jakiś problem, z którym mogę ci pomóc?"
"Goodbye. Stay safe out there.","Do widzenia. Uważaj na siebie."
"Barely. Corn needs water, and my watering can’s falling apart. Most of it leaks out before I even reach the field. Every day’s a fight against weeds, heat, and busted tools. It’s not easy, but at least my wife makes sure there’s always a meal waiting for me at home. That’s something, I guess.","Ledwo. Kukurydza potrzebuje wody, a moja konewka jest w złym stanie. Większość wody wycieka, zanim w ogóle dotrę na pole. Każdy dzień to walka z chwastami, upałem i zepsutymi narzędziami. Nie jest łatwo, ale przynajmniej żona pilnuje, żeby w domu zawsze czekał na mnie posiłek. To zawsze coś."
"My corn goes to the mill in Pinehill. They grind it into flour, and the bakery next door makes bread. But the road there is always a gamble - bandits or a broken wagon can delay everything. Luckily, they pay well once I deliver the goods.","Moja kukurydza trafia do młyna w Pinehill. Mielą ją na mąkę, a piekarnia obok robi z niej chleb. Ale droga jest zawsze ryzykowna – bandyci albo popsuty wóz mogą wszystko opóźnić. Na szczęście dobrze płacą po dostarczeniu towaru."
"Actually, yes. My watering can is completely useless now. It leaks like a sieve, and without it my corn is going to dry out. If you have the time, find me a new watering can. I’ll pay you well for it.","Właściwie tak. Moja konewka jest już kompletnie bezużyteczna. Przecieka jak sito, a bez niej moja kukurydza uschnie. Jeśli masz czas, znajdź mi nową konewkę. Dobrze ci za nią zapłacę."
"Where the hell am I supposed to find a watering can out here?","Gdzie ja znajdę na tym zadupiu konewkę?"
"Try looking in Clearwater or Pinehill. If I knew exactly where one was, I would’ve gotten it myself already.","Spróbuj poszukać w Clearwater albo Pinehill. Gdybym wiedział, gdzie jej szukać, już dawno znalazłbym ją sam."
"Oh, you’re back. What is it this time?","O, wróciłeś. Czego chcesz tym razem?"
"Oh! A new face in Evergreen City. My name is Mabel. I live here with my husband, Caleb. What brings you here?","O! Nowa twarz w Evergreen City. Mam na imię Mabel. Mieszkam tu z mężem, Calebem. Co cię do mnie sprowadza?"
"What’s your husband’s work?","Czym zajmuje się twój mąż?"
"How do you like living in Evergreen City?","Jak ci się podoba życie w Evergreen City?"
"Take care!","Trzymaj się!"
"Oh, Caleb? He works in the cornfield right next to our house. Then he sells the corn to Pinehill, where they process it into flour. It keeps him busy most of the day!","Caleb? Pracuje na polu kukurydzy tuż obok naszego domu. Potem sprzedaje kukurydzę do Pinehill, gdzie przerabiają ją na mąkę. Zajmuje mu to większość dnia!"
"I can’t complain… Although I spend most of my days cleaning and cooking for my husband.","Nie mogę narzekać… Chociaż większość dnia spędzam na sprzątaniu i gotowaniu dla męża."
"Well… actually, yes. The nuclear battery in my stove has run out, and I have no idea where to find a new one. If you manage to find a working one, bring it to me. I’ll reward you well.","Cóż… właściwie tak. Bateria nuklearna w mojej kuchence się wyczerpała i nie mam pojęcia, gdzie znaleźć nową. Jeśli znajdziesz działającą, przynieś mi ją. Dobrze cię wynagrodzę."
"Where am I supposed to get a battery like that? I doubt anyone even makes them anymore.","Skąd mam wziąć taką baterię? Wątpię, żeby ktoś je jeszcze produkował."
"To be honest… I’m not sure. Maybe in an unexploded nuclear bomb… or from a wandering trader.","Szczerze… nie wiem. Może z niewybuchu bomby atomowej… albo od wędrownego handlarza."
"This is a rope","To jest lina"
"This is a Atomic Flakes","To są Atomic Flakes"
"■ Atomic Flakes","■ Atomic Flakes"
"■ Rope","■ Lina"
"Oh, you’re back! What brings you here?","O, wróciłeś! Co cię tu sprowadza?"
"Kill the Goldraxy from the pasture","Zabij Goldraxa z pastwiska"
"Bring a can of Vip Cola for Levi","Przynieś puszkę VIP Coli dla Leviego"
"Bring the watering can for the farmer","Przynieś konewkę farmerowi"
"Find the nuclear battery for the stove","Znajdź baterię nuklearną do kuchenki"
"Get a pass to the city","Zdobądź przepustkę do miasta"
"This is a desk","To jest biurko"
"This is Nixon","To jest Nixon"
"This is Theodore","To jest Theodore"
"This is Baxton","To jest Baxton"
"This is a dollar","To są dolara"
"■ Dollar x20","■ Dolar x20"
"■ VHS Tape","■ Kaseta VHS"
"You're not worth my time!","Nie jesteś wart mojego czasu!"
"Stay in your place, worm!","Znaj swoje miejsce, robaku!"
"Get lost before I lose my patience!","Znikaj, zanim stracę cierpliwość!"
"Don’t waste my time. Speak to Nixon.","Nie marnuj mojego czasu. Porozmawiaj z Nixonem."
"Talk to the boss, not me.","Porozmawiaj z szefem, nie ze mną."
"President","Prezydent"
"Ah, so you’re the new face I’ve been told about. My name is Nixon McKinley, the first president of the Republic of Arkansas, proclaimed two years ago. Tell me, what brings you to our capital?","Ach, więc to ty jesteś tym nowym, o którym mi mówiono. Nazywam się Nixon McKinley, pierwszy prezydent Republiki Arkansas, proklamowanej dwa lata temu. Powiedz, co sprowadza cię do naszej stolicy?"
"Why did the Republic of Arkansas break away from the United States?","Dlaczego Republika Arkansas odłączyła się od USA?"
"Can I access the library?","Mogę wejść do biblioteki?"
"Is there anything I can help with?","Czy mogę w czymś pomóc?"
"That’s all I wanted to know, Mr. President. Goodbye.","To wszystko, Panie Prezydencie. Do widzenia."
"After the nuclear war, the United States ceased to exist as a single nation. Each state went its own way, and now there are 50 independent countries, each fighting to survive. We created the Republic of Arkansas to survive and rebuild what we could. Now, we decide our own future.","Po wojnie nuklearnej USA przestały istnieć jako jedno państwo. Każdy stan poszedł własną drogą i teraz istnieje 50 niezależnych krajów, z których każdy walczy o przetrwanie. Stworzyliśmy Republikę Arkansas, aby przetrwać i odbudować to, co się dało. Teraz sami decydujemy o swojej przyszłości."
"The Black Eagles are the ones responsible for my safety and maintaining order in the Republic. Officially, they answer to me, but in practice, Baxton leads them. He keeps them in line with a firm hand, which makes them effective. If you want to know more, talk to him.","Czarne Orły odpowiadają za moje bezpieczeństwo i utrzymanie porządku w Republice. Oficjalnie podlegają mnie, ale w praktyce dowodzi nimi Baxton. Trzyma ich twardą ręką, dzięki czemu są skuteczni. Jeśli chcesz wiedzieć więcej, porozmawiaj z nim."
"The library is one of the most important places in the Republic. It holds all the preserved knowledge from before the war. But I don’t know you yet, so I can’t allow a stranger access to it. If you want to use it, you’ll have to do something for the Republic first. Prove you can be trusted.","Ta biblioteka jest jednym z najważniejszych miejsc w Republice. Zawiera całą zachowaną wiedzę sprzed wojny. Jeszcze cię nie znam dobrze, więc nie pozwolę ci do niej wejść. Jeśli chcesz z niej skorzystać, najpierw zrób coś dla Republiki. Udowodnij, że można ci zaufać."
"Yes, there’s something you can take care of. Go to Pinehill and talk to their leader, Mark Caldwell. Ask him for a list of supplies they need, on my behalf. This list will help us organize better deliveries and improve our strained relations with Pinehill.","Tak, jest coś, czym możesz się zająć. Idź do Pinehill i porozmawiaj z ich przywódcą, Markiem Caldwellem. Poproś go w moim imieniu o listę potrzebnych zapasów. Pomoże nam to lepiej organizować dostawy i poprawić napięte relacje z Pinehill."
"What exactly did you need me to do again?","Co dokładnie miałem zrobić?"
"Where is Pinehill?","Gdzie jest Pinehill?"
"I’d like you to go to Pinehill and speak with Mark Caldwell. Ask him for a list of supplies they need - tell him you’re acting on my behalf. That list will help us plan better deliveries and improve our relations with them.","Chcę, żebyś poszedł do Pinehill i porozmawiał z Markiem Caldwellem. Poproś go o listę potrzebnych zapasów – powiedz, że działasz w moim imieniu. Lista pomoże nam lepiej planować dostawy i poprawić relacje."
"You’ll find Pinehill by heading southeast. It’s a village by the canyon, but be careful - the road is dangerous and takes a few hours. You better be well prepared.","Pinehill znajdziesz, kierując się na południowy wschód. To wioska położona przy kanionie, ale uważaj – droga jest niebezpieczna, a podróż zajmuje kilka godzin. Lepiej dobrze się przygotuj."
"It’s you again. What brings you to my office this time?","To znowu ty. Co tym razem sprowadza cię do mojego biura?"
"Guard Boss","Szef straży"
"Oh, I see a new face in town. I hope you know who you’re talking to. If you’ve got something important, speak up. If not, don’t waste my time.","O, nowa twarz. Mam nadzieję, że zdajesz sobie sprawę, z kim rozmawiasz. Jeśli masz coś ważnego, to mów. Jeśli nie, to nie marnuj mojego czasu."
"Alright, that’s it for now. Goodbye.","Dobra, to wszystko na razie. Do widzenia."
"I’m Baxton, leader of the Black Eagles and the president’s right hand. Without me, this place would’ve fallen apart long ago. The president rules, but I make sure everything runs the way it’s supposed to.","Jestem Baxton, przywódca Czarnych Orłów i prawa ręka prezydenta. Beze mnie to miasto dawno by się rozpadło. Prezydent tu rządzi, ale ja pilnuję, żeby wszystko działało jak należy."
"What exactly do the Black Eagles do?","Czym dokładnie zajmują się Czarne Orły?"
"Can I join the Black Eagles?","Mogę dołączyć do Czarnych Orłów?"
"Yes, we’re always looking for new members. But we don’t take just anyone. Do something useful for us, and I’ll let you in. You’ll get a jacket and a bed in this room.","Tak, zawsze szukamy nowych członków. Ale nie przyjmujemy byle kogo. Zrób dla nas coś pożytecznego, a cię przyjmę. Dostaniesz kurtkę i łóżko w tym pokoju."
"Is there something I can do for you?","Jest coś, co mogę dla ciebie zrobić?"
"We protect the farmers, caravans heading to Pinehill, and ensure that this city runs the way it should. Without us, this region would’ve fallen apart. Two years ago, we helped the president take power and restore order.","Dbamy o bezpieczeństwo farmerów, karawan zmierzających do Pinehill i całego miasta. Bez nas ten region już dawno by upadł. Dwa lata temu pomogliśmy prezydentowi przejąć władzę i przywrócić tu porządek."
"Yes, I’ve got something for you. My men lost a valuable radio transmitter - a tool that would allow us to stay in contact with other settlements. Start by talking to the Black Eagles at the bar. They might know what happened to it.","Tak, mam dla ciebie robotę. Moi ludzie stracili cenny nadajnik radiowy. Dzięki niemu moglibyśmy kontaktować się z innymi osadami. Porozmawiaj z Czarnymi Orłami w barze. Może wiedzą, gdzie się podział."
"Where should I start looking for the transmitter?","Od czego powinienem zacząć poszukiwania nadajnika?"
"You again. I hope you’ve got something interesting to say this time.","To znowu ty. Mam nadzieję, że tym razem masz coś ciekawego do powiedzenia."
"Go talk to the Black Eagles at the bar. They were the last ones to have it, so they might know where it ended up. If anyone has a clue, it’s them.","Idź porozmawiać z Czarnymi Orłami w barze. To oni mieli go ostatni, więc mogą wiedzieć, gdzie się podział. Jeśli ktoś coś wie, to właśnie oni."
"This is a sapling","To jest sadzonka"
"President Woodrow Wilson","Prezydenta Woodrow Wilsona"
"This is Witold","To jest Witold"
"Gardener","Ogrodnik"
"Hello! What brings you to my humble home? I'm Witold Gutowski. I work as President Nixon's gardener. I take care of his fruit trees.","Witaj! Co sprowadza cię do mojego skromnego domu? Jestem Witold Gutowski. Pracuję jako ogrodnik prezydenta Nixona. Opiekuję się jego drzewami owocowymi."
"What kind of fruit trees do you grow?","Jakie drzewa owocowe uprawiasz?"
"Is your last name Gutowski? Are you Polish?","Twoje nazwisko to Gutowski? Jesteś Polakiem?"
"How did you manage to grow these broadleaf trees? There are no broadleaf trees anywhere in the wasteland.","Jak udało ci się wyhodować te drzewa liściaste? Na całym pustkowiu nie ma ani jednego drzewa z liściami."
"Take care","Trzymaj się."
"I grow trees that produce a mutated fruit called Kalumo Fruit. They have much more vitamin C than lemons and are very nutritious. I don't sell them myself, but you can buy them from Jerry.","Hoduję drzewa, które rodzą zmutowany owoc zwany Kalumo Fruit. Mają znacznie więcej witaminy C niż cytryny i są bardzo pożywne. Sam ich nie sprzedaję, ale możesz kupić je u Jerry'ego."
"Yes. My grandparents moved to the United States before the war. At first, they lived in Chicago, but they moved to Arkansas because it was a quieter place to live.","Tak. Moi dziadkowie wyjechali do Stanów Zjednoczonych przed wojną. Najpierw mieszkali w Chicago, ale przenieśli się do Arkansas, bo jest tu spokojniej."
"You just have to take care of them. Fertilize them, water them, and protect them while they're young. It's not that difficult.","Trzeba po prostu o nie dbać. Nawozić, podlewać i chronić, gdy są młode. To nie jest takie trudne."
"Yeah. I could really use some pre-war fertilizer. It would help me grow much healthier and more productive trees. If you happen to find any, bring it to me. I'll make it worth your while.","Tak. Bardzo przydałby mi się przedwojenny nawóz. Pomógłby mi wyhodować zdrowsze i bardziej wydajne drzewa. Jeśli jakiś znajdziesz, przynieś mi go. Odwdzięczę się."
"Do you know where I could find some pre-war fertilizer?","Wiesz, gdzie mogę znaleźć przedwojenny nawóz?"
"I'm afraid not. Maybe in an old abandoned warehouse or on one of the old farms somewhere in Arkansas. Keep looking. You might find at least one bag.","Niestety nie. Może znajdziesz coś w jakimś starym magazynie albo na jednej ze starych farm gdzieś w Arkansas. Poszukaj dobrze. Może znajdziesz choć jeden worek."
"This is a trapdoor","To jest klapa"
"This is a water barrel","To jest beczka z wodą"
"This is Jerry","To jest Jerry"
"Vendor","Sprzedawca"
"Welcome to my store, stranger. Feel free to take a look around. If you need anything, just ask.","Witaj w moim sklepie, nieznajomy. Rozejrzyj się. Jeśli czegoś potrzebujesz, po prostu zapytaj."
"What can I buy from you?","Co mogę od ciebie kupić?"
"Do you sell weapons too?","Sprzedajesz też broń?"
"Where do you get your supplies from?","Skąd bierzesz swoje zapasy?"
"Thanks, I'll see you around.","Dzięki, do zobaczenia."
"I have almost everything you could need in these troubled times. I have Atomic Flakes, milk, cheese, clean water, bread, cabbage... Whatever you're looking for, you can probably find it here.","Mam tu prawie wszystko, czego możesz potrzebować w tych trudnych czasach. Mam Atomic Flakes, mleko, ser, czystą wodę, chleb, kapustę… Czegokolwiek szukasz, prawdopodobnie tu znajdziesz."
"No, I only sell food here. If you're looking for weapons, you should go to Pinehill. They have a store with all kinds of weapons.","Nie, sprzedaję tu tylko jedzenie. Jeśli szukasz broni, idź do Pinehill. Mają tam sklep z różnymi rodzajami broni."
"The guys from the Black Eagles bring them to me from old food warehouses and nearby farms. For now, I don't have to worry about running out of supplies.","Czarne Orły przynoszą mi je ze starych magazynów i pobliskich farm. Na razie nie muszę się martwić o brak zapasów."
"Hey! Don't touch that hatch.","Hej! Nie dotykaj tej klapy."
"You need a key.","Potrzebujesz klucza."
"Leave that hatch alone!","Zostaw tę klapę!"
"Stay away from that hatch!","Trzymaj się z dala od tej klapy!"
"CRITICAL HIT! Goldrax","DOSTAŁ KRYTYKA! Goldrax"
"Goldrax got hit! Loses","Trafiłeś Goldraxa! Traci"
"Goldrax dies.","Goldrax ginie."
"You're hit! You lose 9","Thomas oberwał! Traci 9"
"Goldrax missed.","Goldrax chybił."
"Out of ammo!","Brak amunicji!"
"CRITICAL HIT! You lose 18","KRYTYK! Thomas traci 18"
"<color=#FFB000>Level Up! New level: 2</color>","<color=#FFB000>Awans! Nowy poziom: 2</color>"
"This is a sign","To jest znak"
"The goldraxes are dead. Your pastures are clear now.","Goldraxy nie żyją. Twoje pastwiska są już wolne."
"You earn 250 EXP.","Zdobywasz 250 EXP."
"No kidding? Damn, that’s a relief. My cattle will finally have a place to graze again. You did us all a huge favor - here, take this. 100 dollars might not be much, but it’s what I can spare. You earned it.","Naprawdę? Cholera, to ulga. Moje bydło w końcu będzie miało gdzie się paść. Zrobiłeś nam wszystkim ogromną przysługę – masz, weź to. 100 dolarów może nie jest wielką kwotą, ale tyle mogę dać. Zasłużyłeś."
"Do you know where Baxton's radio transmitter is, or what happened to it?","Wiesz, gdzie jest nadajnik radiowy Baxtona albo wiesz co się z nim stało?"
"Hell if I know. Ask Kane, maybe he’s got a clue. Now get the hell away from me.","Cholera wie. Zapytaj Kane'a, może on coś wie. A teraz zejdź mi z oczu."
"Oh, for fuck’s sake… Can’t you see I’m drinking? What the hell do you want now?","Kurwa… Nie widzisz, że piję? Czego, do cholery, chcesz ode mnie?"
"Do you know anything about Baxton’s radio transmitter?","Wiesz coś o nadajniku radiowym Baxtona?"
"Yeah, I had it. Sold the damn thing for 20 dollars to some trader in Clearwater. Don’t remember who - needed booze more than that piece of junk.","Tak, miałem go. Sprzedałem to cholerstwo za 20 dolarów jakiemuś handlarzowi w Clearwater. Nie pamiętam komu – bardziej potrzebowałem alkoholu niż tego złomu."
"Found a watering can for you. Looks sturdy.","Znalazłem dla ciebie konewkę. Wygląda całkiem solidnie."
"No way… You actually found one? Let me see. Now I’ll finally be able to water my field properly again. Here’s the 80 dollars I promised. You earned it.","Nie wierzę… Naprawdę ją znalazłeś? Pokaż. Wreszcie będę mógł porządnie podlać moje pole. Oto obiecane 80 dolarów. Zasłużyłeś na nie."
"Can I do anything else for you?","Mogę zrobić dla ciebie coś jeszcze?"
"Actually… yeah. Corn beetles have been tearing through my field. I need to make a pesticide from Goldrax venom, but I’m out of it. If you bring me 5 bottles, I’d be grateful. I’ll make sure you get paid well for it.","Właściwie… tak. Stonka kukurydziana niszczy moje pole. Potrzebuję zrobić pestycyd z jadu Goldraxów, ale skończył mi się jad. Jeśli przyniesiesz 5 butelek jadu, będę wdzięczny. Dobrze ci za niego zapłacę."
"I got the transmitter. Kane sold it in Clearwater, cost me 100 dollars to get it back.","Mam twój nadajnik. Kane sprzedał go w Clearwater. Jego odzyskanie kosztowało mnie 100 dolarów."
"You earn 150 EXP.","Zdobywasz 150 EXP."
"Figures. That bastard would sell his own boots for a drink. But you got it back, and that’s what matters. Here’s 150 dollars - consider it a little extra for your trouble.","Tak myślałem. Ten dupek sprzedałby własne buty za wóde. Ale odzyskałeś nadajnik i to się liczy. Masz tu 150 dolarów. Potraktuj to jako dodatek za fatygę."
"Can I join the Black Eagles now?","Mogę teraz dołączyć do Czarnych Orłów?"
"Do you have anything else for me to do?","Masz dla mnie jeszcze jakieś zadanie?"
"Yes, there is one more job. A military camp in the former state of Mississippi worries me. It is close to the border of our republic. I want you to go there and find out why they are stationed there. Make sure you are well armed. It is far to the southeast.","Tak, jest jeszcze jedna robota. Martwi mnie obóz wojskowy w byłym stanie Mississippi. Znajduje się blisko granicy naszej republiki. Chcę, żebyś tam poszedł i dowiedział się, dlaczego tam stacjonują. Upewnij się, że jesteś dobrze uzbrojony. To daleko na południowy wschód."
"What should I find out in that military camp?","Czego mam się dowiedzieć w tym obozie wojskowym?"
"Where exactly is that military camp?","Gdzie dokładnie jest ten obóz wojskowy?"
"What matters most to me is the purpose of their military mission and who they are working for. I do not need anything else.","Najważniejszy jest dla mnie cel ich misji wojskowej i to, dla kogo pracują. Nic więcej nie potrzebuję."
"In the former state of Mississippi, not far from the border of our republic. It is to the southeast from here.","W byłym stanie Mississippi, niedaleko granicy naszej republiki. Na południowy wschód stąd."
"Not yet. If you really want to join us, you’ll need to prove yourself.","Jeszcze nie. Jeśli naprawdę chcesz do nas dołączyć, musisz się wykazać."
"Hello! Please don’t disturb.","Cześć! Nie przeszkadzaj mi."
"Go see Mark if you need something.","Idź do Marka, jeśli czegoś potrzebujesz."
"Don’t disturb, I’m on guard duty","Nie przeszkadzaj mi, jestem na warcie"
"Welcome! If you need something, go to Mark.","Witaj! Jeśli czegoś potrzebujesz, idź do Marka."
"This is a bullet machine","To jest maszyna z nabojami"
"This is a neon sign","To jest neon"
"This is a weapons board","To jest tablica z bronią"
"Pinehill","Pinehill"
"Welcome, stranger. Only here will you find the best guns in the wasteland.","Witaj, nieznajomy. Tylko u mnie znajdziesz najlepszą broń na pustkowiu."
"Tell me a bit about yourself.","Opowiedz mi trochę o sobie."
"I’ll be back if I need anything.","Wrócę, jeśli będę czegoś potrzebować."
"Name’s Travis. I’m with the Black Eagles. Set up this shop myself. It’s a good business - everyone needs guns and ammo out here. Things get rough between the settlements, so I make sure people are armed and ready.","Jestem Travis. Należę do Czarnych Orłów. Sam prowadzę ten sklep. To dobry interes, bo każdy potrzebuje tutaj broni i amunicji. Między osadami bywa różnie, więc lepiej być uzbrojonym."
"I’ve got pistols, revolvers, machine pistols, machetes, combat knives, and plenty of ammo. Whatever you need to survive out here, I’ve got it.","Mam pistolety, rewolwery, pistolety maszynowe, maczety, noże bojowe i mnóstwo amunicji. Czegokolwiek potrzebujesz, żeby przetrwać, znajdziesz to u mnie."
"This is a gym poster","To jest plakat siłowni"
"This is a boxing bag","To jest worek bokserski"
"This is a dumbbells","To są hantle"
"This is a weight set","To jest ławka treningowa"
"This is a locker","To jest szafka"
"This is Thomas","To jest Thomas"
"This is Travis","To jest Travis"
"Gym Owner","Właściciel siłowni"
"Hey, stranger! Don’t see new faces here often. Name’s Thomas Gimpson, and I run this gym. Feel like training a bit?","Hej, nieznajomy! Rzadko widuję tu nowe twarze. Nazywam się Thomas Gimpson i prowadzę tę siłownię. Masz ochotę trochę potrenować?"
"How long have you been running this gym?","Jak długo prowadzisz tę siłownię?"
"Who trains here mostly?","Kto najczęściej tu trenuje?"
"Can I help you find new clients somehow?","Mogę jakoś pomóc ci znaleźć nowych klientów?"
"I’ll swing by again. See you!","Wpadnę jeszcze. Do zobaczenia!"
"Good to see you again! The gym’s open if you feel like throwing some punches.","Miło cię znów widzieć! Siłownia jest zawsze otwarta, jeśli masz ochotę trochę poboksować."
"I started it about two years ago. After the war, it was tough to get decent training equipment. I worked so hard to get it that I lost all my hair! But in the end, I made it, and now anyone in the state can come train here.","Założyłem ją jakoś dwa lata temu. Po wojnie trudno było zdobyć porządny sprzęt do ćwiczeń. Tak ciężko pracowałem, żeby go zdobyć, że aż wyłysiałem! Ale w końcu się udało i teraz każdy w tym stanie może tu przyjść i potrenować."
"I’ve got two regulars - Dwayne ‘Ironfist’ Cole and Derek ‘Bulldozer’ Shaw. Tough guys, both of them, put their heart into training. Other than that, some travelers stop by, but not too many. Most people would rather avoid a fight than prepare for one.","Mam dwóch stałych bywalców – Dwayne'a „Ironfist” Cole'a i Dereka „Bulldozer” Shawa. Obaj są twardzi i wkładają całe serce w trening. Poza nimi zaglądają tu czasem podróżni, ale niezbyt często. Większość woli unikać walki, niż się do niej przygotować."
"Honestly, yes. It’s hard to reach new people - most prefer to lay low or avoid fights. If you can, put up these posters in a few towns. One in Clearwater, another in Evergreen City, and a third in Silverton. Maybe that’ll get someone interested enough to check out my gym.","Szczerze? Tak. Trudno dotrzeć do nowych ludzi – większość woli siedzieć cicho albo unikać walk. Jeśli możesz, rozwieś te plakaty w kilku miastach. Jeden w Clearwater, drugi w Evergreen City i trzeci w Silverton. Może ktoś zainteresuje się na tyle, żeby przyjść na moją siłownię."
"Where exactly was I supposed to put up those posters?","Gdzie dokładnie mam porozwieszać te plakaty?"
"In Clearwater, Evergreen City, and Silverton. More places, more people – maybe someone will finally take an interest in training. Try putting them up on notice boards where people will actually see them.","W Clearwater, Evergreen City i Silverton. Im więcej miejsc, tym więcej ludzi – może w końcu ktoś zainteresuje się treningiem. Porozwieszaj je na tablicach ogłoszeń, gdzie ludzie na pewno je zobaczą."
"Back again? Guess you know where to find the best guns in the wasteland.","Wróciłeś? Chyba już wiesz, gdzie na pustkowiach znajdziesz najlepszą broń."
"This is a log of wood","To jest drewniana kłoda"
"This is a bread oven","To jest piec do chleba"
"This is a pallet with","To jest paleta z"
"bricks","cegłami"
"This is a bag of flour","To jest worek mąki"
"This is Derek","To jest Derek"
"This is Dwayne","To jest Dwayne"
"Baker","Piekarz"
"Welcome to my bakery, stranger. You look hungry. I’ve got fresh bread straight from the oven.","Witaj w mojej piekarni, nieznajomy. Wyglądasz na głodnego. Mam świeży chleb prosto z pieca."
"What can you offer me, baker?","Co możesz mi zaoferować, piekarzu?"
"Who delivers your baked goods?","Kto rozwozi twoje wypieki?"
"Got any plans for new baked goods?","Masz w planach jakieś nowe wypieki?"
"I’ll come back later.","Wrócę później."
"Bread made from corn flour - the best in all of Arkansas. I get my flour from the city mills, and my loaves reach every village, even Clearwater, though it’s outside the Republic. If you're looking for something solid, you’ve come to the right place.","Mam chleb z mąki kukurydzianej – najlepszy w całym Arkansas. Mąkę dostaję z miejskich młynów, a moje bochenki trafiają do każdej wioski, nawet do Clearwater, choć leży poza Republiką. Jeśli szukasz czegoś porządnego, trafiłeś we właściwe miejsce."
"They’re delivered by caravans protected by Baxton’s gang. Without them, I wouldn’t make it, as the trips between villages are pretty dangerous these days.","Dostarczają je karawany chronione przez bandę Baxtona. Bez nich nie dałbym rady, bo podróże między wioskami są ostatnio bardzo niebezpieczne."
"Actually, yes. I’ve wanted to make pizza again for a while, but I forgot the exact recipe. Recently, I found an old notebook, and now I can finally try. The problem is, I need a few ingredients… Maybe you could help me?","Właściwie tak. Od jakiegoś czasu chcę znowu robić pizzę, ale zapomniałem dokładnego przepisu. Niedawno znalazłem stary notes i wreszcie mogę spróbować. Problem w tym, że potrzebuję kilku składników… Może mi pomożesz?"
"Sounds interesting, I’ll help you get the ingredients.","Brzmi ciekawie, pomogę ci zdobyć składniki."
"Sounds good, but I don’t have time for this right now.","Brzmi dobrze, ale teraz nie mam na to czasu."
"I get it. When you’ve got the time, come back to me.","Rozumiem. Gdy będziesz mieć czas, wróć do mnie."
"Great! For pizza, you’ll need cheese, salami, and tomatoes. I can sell you the flour, but you’ll have to get the rest yourself. Once you have everything, use my oven to bake it, then bring it back to me.","Świetnie! Do pizzy potrzebujesz sera, salami i pomidorów. Mąkę mogę ci sprzedać, ale resztę musisz zdobyć sam. Gdy będziesz miał wszystko, użyj mojego pieca, żeby ją upiec, a potem przynieś mi pizzę."
"What ingredients do I need for the pizza?","Jakich składników potrzebuję do pizzy?"
"Where can I get salami?","Gdzie mogę dostać salami?"
"For the pizza, you’ll need cheese, salami, and tomatoes. I can sell you the flour, so don’t worry about that. Once you have the rest, you can bake it in my oven.","Do pizzy potrzebujesz sera, salami i pomidorów. Mąkę mogę ci sprzedać, więc o nią się nie martw. Gdy zdobędziesz resztę, możesz upiec pizzę w moim piecu."
"Best ask Roy in Evergreen City. He raises cattle, so if anyone’s got good salami, it’s him.","Najlepiej zapytaj Roya w Evergreen City. Hoduje bydło, więc jeśli ktoś ma dobre salami, to właśnie on."
"Welcome back. Good to see you again. I’ve just baked some fresh loaves of bread. Would you like one or two?","Witaj ponownie. Miło cię znowu widzieć. Właśnie upiekłem świeży chleb. Chcesz może jeden czy dwa bochenki?"
"You don't have enough","Nie masz wystarczająco"
"ingredients for the pizza","składników do pizzy"
"This is a picture","To jest obraz"
"This is Helen","To jest Helen"
"Welcome! Need something warm to eat?","Witaj! Może chcesz czegoś ciepłego do jedzenia?"
"I tell Jonas to take a break, but he never listens.","Mówię Jonasowi, żeby odpoczął, ale nigdy mnie nie słucha."
"Jonas bakes, I make sure he eats.","Jonas piecze, a ja dbam o to, żeby miał co jeść."
"A warm loaf can brighten any day.","Ciepły chleb potrafi poprawić każdy dzień."
"Bring the list of supplies from Pinehill","Przynieś listę zapasów z Pinehill"
"Join the Black Eagles","Dołącz do Czarnych Orłów"
"Find and Bring a Bag of Fertilizer","Znajdź i przynieś worek nawozu"
"Bring 5 Bottles of Goldrax Venom","Przynieś 5 butelek jadu Goldraxów"
"Find out what the military camp in Mississippi is doing","Dowiedz się, co robi obóz wojskowy w Mississippi"
"Put up gym posters in the villages","Rozwieś plakaty siłowni w wioskach"
"Get the ingredients and bake a pizza for the baker","Zdobądź składniki i upiecz pizzę dla piekarza"
"This is a fan","To jest wentylator"
"This is a portrait of the","To jest portret"
"President of the Republic","Prezydenta Republiki"
"of Arkansas","Arkansas"
"Leader","Przywódca"
"Welcome to Pinehill, stranger. My name is Mark Caldwell, and I’m the leader of this village. How can I help you?","Witaj w Pinehill, nieznajomy. Nazywam się Mark Caldwell i jestem przywódcą tej wioski. Jak mogę ci pomóc?"
"What can you tell me about Pinehill?","Co możesz mi powiedzieć o Pinehill?"
"How did you become the leader of this village?","Jak zostałeś przywódcą tej wioski?"
"Who is the person in the picture behind you?","Kim jest osoba na zdjęciu za tobą?"
"I’ve come for the supplies list for the President.","Przyszedłem po listę zapasów dla prezydenta."
"Thanks for the talk, Mark. Bye.","Dzięki za rozmowę, Mark. Cześć."
"Oh, it’s you again! Good to see you back. What can I do for you today?","O, to znowu ty! Dobrze cię widzieć. W czym mogę dziś pomóc?"
"It’s a quiet village in the middle of the desert. We’ve got two mills that provide flour for our baker, Jonas. There’s also Thomas’ gym and Travis’ gun store. We’re not a big settlement, but we have everything we need to live.","To spokojna wioska pośrodku pustyni. Mamy dwa młyny, które dostarczają mąkę naszemu piekarzowi, Jonasowi. Jest tu też siłownia Thomasa i sklep z bronią Travisa. Nie jesteśmy dużą osadą, ale mamy wszystko, czego potrzebujemy do życia."
"I became the leader by chance. I found some pre-war ruins, fixed them up, and built the mills. Soon, other people started coming and setting up their own businesses. I made a deal with President Nixon, who accepted us into the Republic of Arkansas and sent guards to protect us.","Zostałem przywódcą przez przypadek. Znalazłem przedwojenne ruiny, odnowiłem je i zbudowałem młyny. Wkrótce zaczęli przybywać inni ludzie i otwierać własne interesy. Potem zawarłem umowę z prezydentem Nixonem, który przyjął nas do Republiki Arkansas i wysłał strażników, by nas chronili."
"That’s the President of Arkansas, the current ruler. He was elected two years ago, and he has a big influence on how our republic develops.","To prezydent Arkansas, obecny przywódca. Został wybrany dwa lata temu i ma duży wpływ na rozwój naszej republiki."
"I’d like to give it to you, but I’ve got a problem. I don’t have any blank floppy disks to write it on. If you can get me one, I’ll give you the list.","Chciałbym ci ją dać, ale mam problem. Nie mam pustych dyskietek, na których mógłbym ją zapisać. Jeśli zdobędziesz jedną, dam ci listę."
"Where can I find a floppy disk?","Gdzie mogę znaleźć dyskietkę?"
"Why can't you use paper to write the list?","Dlaczego nie możesz zapisać listy po prostu na papierze?"
"Try the old relay tower northeast of Pinehill. You might find a blank floppy disk there. Or, if you don’t want to search dangerous places, maybe from one of the scavengers.","Spróbuj w starej wieży przekaźnikowej na północny wschód od Pinehill. Możliwe, że tam znajdziesz jakąś pustą dyskietkę. Albo, jeśli nie chcesz przeszukiwać niebezpiecznych miejsc, może jakiś szabrownik bedzie miał jakąś."
"That’s the agreement with the President. He prefers using a floppy disk reader rather than reading from paper. Generally, this is how we transfer information in the Republic.","Bo tak ustaliłem z prezydentem. Woli używać czytnika dyskietek niż czytać z papieru. Ogólnie tak przekazujemy sobie informacje w Republice."
"Don’t interrupt, I’m training.","Nie przeszkadzaj mi, trenuję."
"If you’re not here to spar, keep walking.","Jeśli nie przyszedłeś na sparing, to idź dalej."
"I’m not here to chat, I’m here to fight.","Nie przyszedłem tu gadać, tylko walczyć"
"Get out of the way, I need space to train.","Zejdź mi z drogi, potrzebuję miejsca do treningu."
"You got 1 random round","Dostałeś 1 losowy nabój"
"Player stats
Player stats describe the hero’s core abilities and have a direct impact on combat, exploration, and how challenges are solved.
Strength represents physical endurance and melee combat ability. It affects maximum health points, damage dealt with fists and melee weapons, and the ability to handle heavy objects. High Strength increases survivability and effectiveness in close combat.
Dexterity represents reflexes and physical agility. It affects the chance to dodge incoming attacks, the ability to open mechanical locks using lockpicks, and the number of Action Points (AP) available during combat. High Dexterity allows the character to avoid damage more effectively, perform more actions each turn, and react faster in combat situations.","Statystyki gracza
Statystyki gracza opisują najważniejsze zdolności bohatera i mają bezpośredni wpływ na walkę, eksplorację oraz sposób rozwiązywania problemów.
Siła określa wytrzymałość fizyczną i zdolności w walce wręcz. Wpływa na maksymalne zdrowie, obrażenia zadawane pięściami i bronią białą oraz możliwość przenoszenia ciężkich przedmiotów. Wysoka Siła zwiększa przeżywalność i skuteczność w walce z bliska.
Zręczność określa refleks i sprawność fizyczną. Wpływa na szansę uniku, otwieranie mechanicznych zamków za pomocą wytrychów oraz liczbę Punktów Akcji (PA) dostępnych podczas walki. Wysoka Zręczność pozwala skuteczniej unikać obrażeń, wykonywać więcej działań w turze i szybciej reagować w walce."
"Characters with Dexterity 1–3 have 3 AP, Dexterity 4–7 have 4 AP, and Dexterity 8–10 have 5 AP.
Perception represents awareness and precision. It affects the chance to hit with firearms as well as the chance to land critical hits that deal increased damage. High Perception allows the character to strike targets more accurately and deal powerful, precise attacks more often.
Technical represents technical knowledge and the ability to operate devices. It affects the chance to successfully repair equipment, recover parts from damaged machines, open electronic and code-locked doors, and access special technical dialogue options.","Postacie ze Zręcznością 1–3 mają 3 PA, ze Zręcznością 4–7 mają 4 PA, a ze Zręcznością 8–10 mają 5 PA.
Percepcja określa spostrzegawczość i precyzję. Wpływa na szansę trafienia z broni palnej oraz na szansę zadania trafienia krytycznego, które zadaje zwiększone obrażenia. Wysoka Percepcja pozwala częściej trafiać cele dokładnie i zadawać potężne, precyzyjne ataki.
Technika określa wiedzę techniczną i zdolność obsługi urządzeń. Wpływa na szansę skutecznej naprawy sprzętu, odzyskiwania części z uszkodzonych maszyn, otwierania elektronicznych i kodowanych drzwi oraz korzystania ze specjalnych opcji dialogowych związanych z techniką."
"Do you make salami?","Czy robisz też salami?"
"Of course. Fresh beef salami, the best on the wasteland. If you’ve got 40$, it’s yours.","Oczywiście, że robię. Świeże salami z wołowiny, najlepsze na całych pustkowiach. Jeśli masz 40 dolarów, jest twoje."
"Sounds good, I’ll take it.","Brzmi dobrze, biorę."
"I don’t have that much money.","Nie mam tyle pieniędzy."
"Well, business is business. Once you’ve got 40$, you know where to find me.","No cóż, interes to interes. Jak będziesz miał 40 dolarów, wiesz, gdzie mnie znaleźć."
"Smart choice. Here’s your salami. Enjoy… or use it for whatever you need.","Dobry wybór. Oto twoje salami. Smacznego… albo wykorzystaj je, jak tylko chcesz."
"I managed to bake the pizza.","Udało mi się upiec pizzę."
"You earn 200 EXP.","Zdobywasz 200 EXP."
"Well, would you look at that… real pizza! Let me have a taste… Hmm, it tastes almost like I remember. Great job! Here’s 100 dollars for your help. From now on, I’ll be baking it myself so everyone can try it!","No proszę… prawdziwa pizza! Daj, spróbuję… Hmm, smakuje prawie tak, jak ją pamiętam. Świetna robota! Oto 100 dolarów za pomoc. Od teraz będę piekł ją sam, żeby każdy mógł jej spróbować!"
"This is Zombie","To jest Zombie"
"Zombie got hit! Loses","Trafiłeś Zombie! Traci"
"Zombie missed.","Zombie chybił."
"Zombie dies.","Zombie ginie."
"You earn 45 EXP.","Zdobywasz 45 EXP."
"CRITICAL HIT! You lose 14","KRYTYK! Thomas traci 14"
"You're hit! You lose 7","Thomas oberwał! Traci 7"
"CRITICAL HIT! Zombie","DOSTAŁ KRYTYKA! Zombie"
"You added 1x VIP Cola","Dodałeś 1x VIP Cola"
"This is a terminal","To jest terminal"
"This is a file cabinet","To jest szafka na akta"
"This is a metal desk","To jest metalowe biurko"
"This is a calendar","To jest kalendarz"
"This is a radio tower","To jest wieża radiowa"
"This is an office-chair","To jest krzesło biurowe"
"This is a floppy disk","To jest dyskietka"
"■ Floppy Disk","■ Dyskietka"
"This is a crowbar","To jest łom"
"■ Crowbar","■ Łom"
"I brought the floppy disk.","Przyniosłem dyskietkę."
"Thanks! I’ll write the supplies list now...[Mark clicks on his device, saving data onto the floppy disk] Take it straight to the President, and don’t lose it on the way!","Dzięki! Zaraz zapiszę listę zapasów…[Mark klika na swoim urządzeniu, zapisując dane na dyskietce] Zanieś ją prosto do prezydenta i nie zgub jej po drodze!"
"Supply List for Pinehill
1. 5 barrels of clean water
2. 60 cans of food (meat, vegetables)
3. 20 medical kits (HealthPaks)
4. 10 packs of Radkillers
5. 3 crates of fresh corn cobs
6. carrot seeds
7. tomato seeds
8. cabbage seeds
9. 9 crates of beer
10. 2 barrels of wine
Please send these supplies no later than the next convoy.
Mark Caldwell","Lista zapasów dla Pinehill
1. 5 beczek czystej wody
2. 60 puszek jedzenia (mięso, warzywa)
3. 20 zestawów medycznych (HealthPaki)
4. 10 butelek Radkillerów
5. 3 skrzynie świeżych kolb kukurydzy
6. nasiona marchwi
7. nasiona pomidorów
8. nasiona kapusty
9. 9 skrzyń piwa
10. 2 beczki wina
Proszę wysłać te zapasy najpóźniej z następnym konwojem.
Mark Caldwell"
"REPUBLIC OF ARKANSAS
MINISTRY OF FOREIGN AFFAIRS
EMBASSY DIVISION
ENTRY PERMIT
This document certifies that Thomas, recognized as a free person without citizenship, is hereby granted authorization to enter the capital city of the Republic of Arkansas - Evergreen City - and to travel freely within the territories designated as open to non-citizens.
Issued by:
Franklin Wells
Ambassador of the Republic of Arkansas
Year: 2125","REPUBLIKA ARKANSAS
MINISTERSTWO SPRAW ZAGRANICZNYCH
WYDZIAŁ AMBASAD
PRZEPUSTKA WJAZDOWA
Niniejszy dokument potwierdza, że Thomas, uznany za osobę wolną bez obywatelstwa, otrzymuje zgodę na wjazd do stolicy Republiki Arkansas – Evergreen City – oraz swobodne podróżowanie po terytoriach wyznaczonych jako otwarte dla osób nieposiadających obywatelstwa.
Wydano przez:
Franklin Wells
Ambasador Republiki Arkansas
Rok: 2125"
"I brought the supplies list from Mark.","Przyniosłem listę zapasów od Marka."
"Thanks, good job. This list is quite extensive, but we’ll manage. For this, you’ll get the standard payment, like for any contractor - 50 dollars.","Dzięki, dobra robota. Ta lista jest dość długa, ale damy radę. Dostaniesz za to standardową zapłatę, jak każdy, kto dla nas pracuje, czyli 50 dolarów."
"Do you have something for me to do?","Masz jeszcze dla mnie jakieś zadanie?"
"Yes. I have a second task for you - a diplomatic one. Barnabas runs Clearwater and still believes the USA exists. Deliver this floppy with my cooperation offer. Don’t talk politics. Just hand it over and come back with his reply.","Tak. Mam dla ciebie drugie zadanie, tym razem dyplomatyczne. Barnabas zarządza Clearwater i wciąż wierzy, że USA istnieją. Przekaż mu tę dyskietkę z moją propozycją współpracy. Nie rozmawiaj z nim o polityce. Po prostu przekaż mu dyskietkę i wróć z jego odpowiedzią."
"Who was I supposed to give your floppy to?","Komu miałem przekazać twoją dyskietkę?"
"Take this floppy disk to Clearwater and hand it over to Elder Barnabas. Tell him it’s an official cooperation proposal from my office. Don’t engage in any political conversations - just deliver the message and come back with his response.","Weź tę dyskietkę i przekaż ją Starszemu Barnabasowi w Clearwater. Powiedz mu, że to oficjalna propozycja współpracy z mojego biura. Nie wdawaj się z nim w żadne polityczne rozmowy – po prostu przekaż wiadomość i wróć z jego odpowiedzią."
"I'm here from President Nixon. I have a cooperation proposal for you.","Przychodzę od prezydenta Nixona. Mam dla ciebie propozycję współpracy."
"From: President Nixon, Evergreen City
To: Elder Barnabas, Clearwater
Dear Elder Barnabas,
In these challenging times, unity is our greatest strength. The administration of Evergreen City proposes to establish a formal alliance with Clearwater to enhance mutual security, share resources, and rebuild our communities together.
This cooperation would include:
- Joint patrols against bandits and raiders
- Exchange of food and medical supplies
- Shared access to technical knowledge and archives
We believe that by working together, our settlements can thrive despite the hardships.
","Od: prezydent Nixon, Evergreen City
Do: Elder Barnabas, Clearwater
Drogi Elderze Barnabasie,
W tych trudnych czasach jedność jest naszą największą siłą. Administracja Evergreen City proponuje zawarcie formalnego sojuszu z Clearwater w celu zwiększenia wzajemnego bezpieczeństwa, wymiany zasobów i wspólnej odbudowy naszych społeczności.
Współpraca obejmowałaby:
- Wspólne patrole przeciw bandytom i szabrownikom
- Wymianę żywności i zapasów medycznych
- Wspólny dostęp do wiedzy technicznej i archiwów
Wierzymy, że współpracując, nasze osady mogą rozwijać się mimo trudności.
"
"
We kindly ask you to consider this proposal as soon as possible.
Respectfully,
President Nixon","
Prosimy o rozważenie tej propozycji tak szybko, jak to możliwe.
Z poważaniem,
Prezydent Nixon"
"Hmm... a cooperation proposal from President Nixon? Interesting... [inserts the floppy disk into the device and reads in silence for a moment]... Very intriguing. Tell him I'll respond in a month - I need to think it over.","Hmm… propozycja współpracy od prezydenta Nixona? Ciekawe… [wkłada dyskietkę do urządzenia i przez chwilę czyta w ciszy]… Bardzo interesujące. Powiedz mu, że odpowiem za miesiąc – muszę to przemyśleć."
"Barnabas said to let you know he'll respond in a month.","Barnabas kazał przekazać, że odpowie za miesiąc."
"You earn 300 EXP.","Zdobywasz 300 EXP."
"<color=#FFB000>Level Up! New level: 3</color>","<color=#FFB000>Awans! Nowy poziom: 3</color>"
"Hmph. Typical of him... But at least he didn’t reject it outright. Since you've been so useful to us, here - take the key to the library in Evergreen City. It holds a wealth of pre-war knowledge. It might be very useful to you.","Ech. To typowe dla niego… Ale przynajmniej nie odrzucił propozycji od razu. Skoro tak bardzo nam pomogłeś, proszę, weź klucz do biblioteki w Evergreen City. Znajduje się tam mnóstwo wiedzy sprzed wojny. Może ci się ona bardzo przydać."
"Now I have to find the right book","Teraz muszę znaleźć właściwą książkę"
"This is a portrait of","To jest portret"
"President G. Washington","Prezydenta G. Washington'a"
"Improvised Tourniquet
Field personnel are advised to fashion a tourniquet only when severe limb bleeding cannot be controlled by direct pressure. A strip of sturdy cloth (3–5 cm wide) and a rigid lever, such as a screwdriver or tent peg, suffice. Wrap the cloth two finger-breadths above the wound, knot once, insert the lever, twist until bleeding slows, then secure. Mark the casualty’s forehead with a “T” and note the application time. Loosen briefly every 30 minutes to assess viability.","Improwizowana opaska uciskowa
Personel terenowy powinien zakładać opaskę uciskową tylko wtedy, gdy silnego krwawienia z kończyny nie da się zatamować bezpośrednim uciskiem. Wystarczy pasek mocnego materiału (3–5 cm szerokości) i sztywny drążek, np. śrubokręt lub kołek namiotowy. Owiń materiał dwa palce powyżej rany, zawiąż raz, włóż drążek i przekręcaj, aż krwawienie zwolni, następnie zabezpiecz. Oznacz czoło poszkodowanego literą „T” i zapisz czas założenia. Co 30 minut na krótko poluzuj opaskę, aby ocenić ukrwienie."
"Radiation Sickness
Symptoms may appear within hours of exposure to high-energy fallout: nausea, skin redness, and sudden fatigue. Initial treatment begins with decontamination - remove clothing, wash thoroughly with soap, and isolate contaminated water. If available, administer Radkiller: it is 100% effective at neutralizing mild radiation, but multiple doses are required in cases of severe exposure. Supportive care with antiemetics and electrolyte fluids is recommended. In the absence of lab equipment, use fever and fatigue as markers of immune suppression.","Choroba popromienna
Objawy mogą pojawić się w ciągu kilku godzin od narażenia na wysokoenergetyczny opad promieniotwórczy: nudności, zaczerwienienie skóry i nagłe zmęczenie. Leczenie początkowe obejmuje dekontaminację – zdejmij ubranie, dokładnie umyj ciało mydłem i odizoluj skażoną wodę. Jeśli jest dostępny, podaj Radkiller: jest w 100% skuteczny w neutralizowaniu łagodnego napromienienia, ale przy ciężkim narażeniu potrzebne są wielokrotne dawki. Zaleca się leczenie objawowe lekami przeciwwymiotnymi i płynami elektrolitowymi. Bez sprzętu laboratoryjnego używaj gorączki i zmęczenia jako oznak osłabienia odporności."
"Zombie Bite Protocol
Though the precise nature of zombie infection is not fully understood, certain field measures have shown consistent success. Begin by irrigating the bite wound with clean water, followed by antiseptic or high-proof alcohol. Splint the affected limb and monitor the patient closely. If signs of transformation appear - disorientation, aggression, or pale, clammy skin - a stabilizing compound must be administered immediately. Current protocol advises mixing Radkiller with a standard HealthPak. This combination has been shown to fully halt the infection and restore the patient’s condition to pre-bite status, provided it is administered in time.","Protokół po ugryzieniu Zombie
Choć dokładna natura infekcji Zombie nie jest w pełni poznana, pewne działania terenowe konsekwentnie przynoszą dobre rezultaty. Zacznij od przepłukania rany po ugryzieniu czystą wodą, a następnie środkiem antyseptycznym lub wysokoprocentowym alkoholem. Unieruchom zranioną kończynę i uważnie obserwuj pacjenta. Jeśli pojawią się oznaki przemiany – dezorientacja, agresja lub blada, wilgotna skóra – należy natychmiast podać związek stabilizujący. Obecny protokół zaleca zmieszanie Radkillera ze standardowym HealthPakiem. Wykazano, że połączenie całkowicie zatrzymuje infekcję i przywraca stan pacjenta sprzed ugryzienia, jeśli zostanie podane na czas."
"Fort Dustwalker
Location: Nevada
Set amid the vast, wind-swept flats of central Nevada, Fort Dustwalker was a quiet but persistent presence in the region’s arid expanse. Its primary functions were never formally stated, though its infrastructure hinted at long-term operations and minimal dependency on external supply lines. Personnel assigned here often underwent lengthy rotations and reported a unique blend of isolation and discipline. Dustwalker was not frequently mentioned in official communiqués, nor was it commonly marked on military route maps, giving rise to the informal nickname “The Whispering Fort.” The surrounding area remains undeveloped to this day.
Coordinates: 38.5210° N, 116.7873° W","Fort Dustwalker
Lokalizacja: Nevada
Położony pośród rozległych, smaganych wiatrem równin centralnej Nevady Fort Dustwalker był cichą, lecz stałą obecnością w suchym regionie. Jego głównych funkcji nigdy formalnie nie ujawniono, choć infrastruktura wskazywała na długoterminowe działania i niewielką zależność od zewnętrznych dostaw. Przydzielony personel często odbywał długie rotacje i zgłaszał wyjątkowe połączenie izolacji i dyscypliny. Dustwalker rzadko pojawiał się w oficjalnych komunikatach i nie był zwykle oznaczany na wojskowych mapach tras, co dało mu nieoficjalny przydomek „Szeptany Fort”. Okoliczny teren do dziś pozostaje niezagospodarowany.
Współrzędne: 38.5210° N, 116.7873° W"
"Camp Saberline
Location: Texas
Located on the outer edges of western Texas plains, Camp Saberline served as a rotational training post with a reputation for speed, structure, and adaptability. While outwardly modest, its internal design allowed for quick mobilization and multi-unit accommodation. Activity within the camp was frequent but discreet, with few public mentions beyond vague references to “joint preparedness programs.” Saberline’s personnel were noted for operating under tight turnover schedules, suggesting the base was more dynamic than it appeared. Observers often remarked on the curious absence of signage and its nearly invisible footprint from ground-level approach.
Coordinates: 32.3982° N, 100.0915° W","Camp Saberline
Lokalizacja: Teksas
Położony na obrzeżach równin zachodniego Teksasu Camp Saberline służył jako rotacyjny ośrodek szkoleniowy, znany z szybkości, porządku i elastyczności. Choć z zewnątrz skromny, jego układ pozwalał na szybką mobilizację i zakwaterowanie wielu jednostek. Aktywność w obozie była częsta, lecz dyskretna, a publiczne wzmianki ograniczały się do ogólnych odniesień do „programów wspólnego przygotowania”. Personel Saberline działał według ścisłych harmonogramów rotacji, co sugerowało, że baza była bardziej dynamiczna, niż wyglądała. Obserwatorzy często zwracali uwagę na brak oznaczeń i niemal niewidoczny ślad bazy z poziomu ziemi.
Współrzędne: 32.3982° N, 100.0915° W"
"Elwood Research Annex
Location: Arkansas
Hidden in a forested canyon just south of Parkdale, the Elwood Annex appeared on few official maps and was seldom referenced outside agricultural circles. Officially associated with sustainable development projects, the facility maintained a low but steady operational profile. Some declassified memos hinted at environmental simulations and contingency strategies for post-crisis recovery, most notably experimental work on a so-called “Farm Restorer,” a device designed to restore large-scale wheat farms engineered to withstand radiation following catastrophic events.
Access remained highly restricted, and residents reported quiet night shipments.
Coordinates: 33.0632° N, 91.5782° W","Elwood Research Annex
Lokalizacja: Arkansas
Ukryty w zalesionym kanionie na południe od Parkdale Elwood Annex pojawiał się na niewielu oficjalnych mapach i rzadko wspominano o nim poza kręgami rolniczymi. Oficjalnie związany z projektami zrównoważonego rozwoju, ośrodek działał na niewielką, lecz stałą skalę. Niektóre odtajnione notatki wskazywały na symulacje środowiskowe i strategie awaryjne odbudowy po kryzysie, przede wszystkim eksperymentalne prace nad urządzeniem zwanym „Farm Restorer”, przeznaczonym do odtwarzania wielkoobszarowych upraw pszenicy odpornych na promieniowanie po katastrofach.
Dostęp był ściśle ograniczony, a mieszkańcy donosili o nocnych, cichych dostawach.
Współrzędne: 33.0632° N, 91.5782° W"
"This is a death tree","To jest martwe drzewo"
"This is a military vehicle","To jest pojazd wojskowy"
"This is a radar","To jest radar"
"This is a military base","To jest baza wojskowa"
"This is a metal door","To są metalowe drzwi"
"This is an electric box","To jest skrzynka elektryczna"
"■ Elwood Annex Log","■ Dziennik Elwood Annex"
"2097-05-23
05:42
Unfortunately, it happened. War has broken out. We received orders from Washington to head to Little Rock and we are departing today. The city was hit directly, but according to the last emergency transmissions before the networks collapsed, there may still be survivors, likely in underground structures and on the outskirts of the city. Command ordered us to take care of any survivors in the ruins.
All access cards to the Elwood Research Annex have been secured and taken by technical personnel. Nothing will be left behind. Systems in sectors 7 through 10 must not fall into the wrong hands, even now.","2097-05-23
05:42
Niestety, stało się. Wybuchła wojna. Otrzymaliśmy rozkazy z Waszyngtonu, by udać się do Little Rock i wyruszamy dziś. Miasto zostało bezpośrednio trafione, ale według ostatnich transmisji alarmowych przed upadkiem sieci mogą tam nadal być ocaleni, prawdopodobnie w podziemnych strukturach i na obrzeżach miasta. Dowództwo rozkazało nam zająć się ocalałymi w ruinach.
Wszystkie karty dostępu do Elwood Research Annex zostały zabezpieczone i zabrane przez personel techniczny. Nic nie zostanie pozostawione. Systemy w sektorach 7–10 nie mogą wpaść w niepowołane ręce, nawet teraz."
"It is difficult to assess the full extent of the damage. The sky is still dark, radiation levels are high, and our reconnaissance drones lose signal every few kilometers.
Moving along the old roads will be dangerous, but we have no alternative.
They say this is not over yet. But if anyone is alive in Little Rock, we have a duty to find them.","Trudno ocenić pełny zakres zniszczeń. Niebo wciąż jest ciemne, poziom promieniowania jest wysoki, a nasze drony zwiadowcze tracą sygnał co kilka kilometrów.
Podróż starymi drogami będzie niebezpieczna, ale nie mamy wyboru.
Mówią, że to jeszcze nie koniec. Ale jeśli w Little Rock ktoś żyje, naszym obowiązkiem jest go odnaleźć."
"Return to Patricia","Wróć do Patricii"
"Military Base","Baza wojskowa"
"Find the missing radio transmitter","Znajdź zaginiony nadajnik radiowy"
"Get a blank floppy disk","Zdobądź pustą dyskietkę"
"Deliver the Cooperation Proposal to Barnabas","Dostarcz propozycję współpracy Barnabasowi"
"Find the Entrance to the Secret Military Base","Znajdź wejście do tajnej bazy wojskowej"
"Hey! Good to see you again. What brings you back to Clearwater?","Hej! Miło cię znowu widzieć. Co cię sprowadza do Clearwater?"
"You again! Good to see a familiar face. What can I do for you today?","To znowu ty! Miło widzieć znajomą twarz. Czego dziś potrzebujesz?"
"This is a metal grate","To jest metalowa krata."
"Where can I get a passport?","Gdzie mogę dostać paszport?"
"You can get one at one of our foreign embassies. The nearest one is in Clearwater.","Możesz go zdobyć w jednej z naszych zagranicznych ambasad. Najbliższa znajduje się w Clearwater."
"I found the entrance to the military base. The Farm Restorer might be in there… But the entrance is locked.","Znalazłem wejście do bazy wojskowej. Farm Restorer może być w środku… Ale wejście jest zamknięte."
"That’s great news, Thomas! Did you find any clues near the entrance? A letter, a note… or maybe a floppy disk?","To świetna wiadomość, Thomas! Znalazłeś jakieś wskazówki przy wejściu? List, notatkę… a może dyskietkę?"
"I found a floppy disk with a soldier's log. It says the base personnel went to Little Rock.","Znalazłem dyskietkę z dziennikiem żołnierza. Wynika z niego, że personel bazy udał się do Little Rock."
"That’s a solid lead. I once heard during a shopping trip in Clearwater that there’s a zombie soldier living in the old capital. Maybe you should ask him how to get inside.","To dobry trop. Kiedyś podczas zakupów w Clearwater słyszałam, że w starej stolicy mieszka żołnierz zombie. Może zapytaj go, jak dostać się do środka."
"Where am I supposed to look for that zombie soldier?","Gdzie mam szukać tego żołnierza zombie?"
"In Little Rock - it’s the former capital of Arkansas. It’s southeast from here. I’m not exactly sure what’s out there now, so be careful.","W Little Rock – to dawna stolica Arkansas. Znajduje się na południowy wschód stąd. Nie mam pojęcia, co teraz się tam znajduje, więc uważaj."
"This is a baseball bat","To jest kij baseballowy."
"■ Baseball Bat","■ Kij baseballowy"
"This is Chuck","To jest Chuck."
"Smoothskins aren’t welcome here.","Gładkoskórzy nie są tu mile widziani."
"Go rot somewhere else, smoothie.","Idź gnić gdzie indziej, gładki."
"Lost, human?","Zgubiłeś się, człowieku?"
"I don’t trust the living...","Nie ufam żywym..."
"Get outta here...","Wynoś się stąd..."
"This is a bowl","To jest miska."
"Chef","Kucharz"
"Little Rock","Little Rock"
"Oh, new in town? Name’s Chuck. I run this poor cafeteria for unwanted zombies. Today, as always, chicken-style soup. Two bucks and the bowl’s yours.","O, nowy w mieście? Jestem Chuck. Prowadzę tę nędzną stołówkę dla niechcianych zombie. Dziś na obiad jak zawsze rosół. Dwa dolary i miska jest twoja."
"What’s in this soup?","Co jest w tej zupie?"
"Do you have anything else on the menu?","Macie coś jeszcze w menu?"
"How long have you been running this cafeteria?","Jak długo prowadzisz tę stołówkę?"
"Is there any former soldier living in the village?","Czy w wiosce mieszka jakiś były żołnierz?"
"See you later, Chuck.","Do zobaczenia, Chuck."
"The soup’s made of noodles, carrots, and dirty water. Unfortunately, even though I call it chicken soup, there’s no chicken in it - I can’t afford to add any. Other zombies don’t mind.","Zupa zawiera makaron, marchewkę i brudną wodę. Niestety, choć nazywam ją rosołem, nie ma w niej ani kawałka kurczaka – nie stać mnie, żeby go dodać. Innym zombie to nie przeszkadza."
"No. This is a cafeteria for poor zombies, not a restaurant. You either buy the soup, or go somewhere else.","Nie. To stołówka dla biednych zombie, nie restauracja. Albo kupujesz zupę, albo idź gdzie indziej."
"Since 2110, when the survivor camp turned into a zombie village. So, quite a while. I figured zombies need to eat too, so I started it – since I’m a zombie myself.","Od 2110 roku, kiedy obóz ocalałych stał się wioską zombie. Pomyślałem, że zombie też muszą jeść, więc założyłem tę stołówkę. W końcu sam jestem jednym z nich."
"If you can, bring me some carrots. I think five should be enough. My vegetable supplier hasn’t come back in a week, and I’m running out of carrots for the soup. I’ll make it worth your while – I’ll pay you 20% more than what they’re worth.","Jeśli możesz, przynieś mi trochę marchwi. Myślę, że pięć sztuk wystarczy. Mój dostawca warzyw nie wraca od tygodnia, a kończy mi się marchew do zupy. Odwdzięczę ci się – zapłacę 20% więcej, niż jest ona warta."
"Yeah, there’s Private Ryan. His house is just north of the zombie dormitory. Don’t worry – he’s not dangerous, if that’s what you’re thinking.","Tak, jest Szeregowiec Ryan. Jego dom jest na północ od noclegowni zombie. Bez obaw, nie musisz się go bać."
"Find the zombie soldier in Little Rock","Znajdź żołnierza zombie w Little Rock"
"Bring 5 carrots for the soup","Przynieś 5 marchewek do zupy"
"This is a ruin","To jest ruina."
"This is a street lamp","To jest latarnia."
"This is a Daisy's poster.","To jest plakat Daisy's."
"Nearest Daisy's restaurant","Najbliższa restauracja Daisy's"
"is located in the state of","znajduje się w stanie"
"Mississippi.","Mississippi."
"This is a television","To jest telewizor."
"Private","Szeregowy"
"Oh, new in the village? Come closer, I don’t bite. I'm Ryan. As you can see, I used to be a soldier. What brings you to me, civilian?","O, nowy w wiosce? Podejdź bliżej, nie gryzę. Jestem Ryan. Jak widzisz, kiedyś byłem żołnierzem. Co cię do mnie sprowadza, cywilu?"
"Did you work at Elwood Research Annex?","Pracowałeś kiedyś w Elwood Research Annex?"
"How did you end up here?","Jak się tu znalazłeś?"
"Do you even remember what that war was about?","Pamiętasz w ogóle, o co chodziło w tej wojnie?"
"At ease, I have to go now.","Spocznij, muszę już iść."
"This is Ryan","To jest Ryan."
"Oh, it's you again. Well then, make yourself at home - since you’re already in.","O, to znowu ty. Rozgość się, skoro już tu jesteś."
"Yeah, I did. I was just a regular soldier there, guarding the scientists. Funny you know about that classified place, but whatever – war's over, USA's gone. Why are you asking?","Tak, pracowałem tam. Byłem zwykłym żołnierzem, pilnowałem naukowców. Dziwne, że wiesz o tym tajnym miejscu, ale nieważne – wojna się skończyła, USA już nie ma. Po co pytasz?"
"I need to get inside the base.","Muszę dostać się do bazy."
"I can't help you with that – I don't have the access card. The command had it, but they went missing in the ruins of Little Rock. No one went looking for them because of the heavy radiation.","Nie mogę ci pomóc – nie mam karty dostępu. Miał ją dowódca, ale zaginął w ruinach Little Rock. Nikt go nie szukał z powodu silnego promieniowania."
"Do you know if anyone else has access to that base?","Wiesz, czy ktoś jeszcze ma dostęp do tej bazy?"
"From what I remember from training, the president of the USA had access to all bases. The last one, if I recall correctly, was named Donald. I don't remember his last name. I also heard someone once saw him in Mississippi, near some kind of oasis... but I’m not sure if that’s true.","Z tego, co pamiętam ze szkolenia, prezydent USA miał dostęp do wszystkich baz. Ostatni, jeśli dobrze pamiętam, miał na imię Donald. Nie pamiętam jego nazwiska. Słyszałem też, że ktoś widział go kiedyś w Mississippi, niedaleko jakiejś oazy... ale nie wiem, czy to prawda."
"Where exactly should I look for the old president?","Gdzie dokładnie powinienem szukać byłego prezydenta?"
"I came from one of the bases to rescue survivors from Little Rock. At first, there was a survivor camp here, then we rebuilt it into a village. Before the war, I fought communists, before the atomic bombs dropped. Now I am a zombie - just like the rest of the survivors.","Przybyłem tu z jednej z baz wojskowych, żeby ratować ocalałych z Little Rock. Na początku był tu obóz ocalałych, dopiero potem zbudowaliśmy tu wioskę. Przed wojną walczyłem z komunistami, jeszcze zanim spadły bomby atomowe. Teraz jestem zombie – jak reszta ocalałych."
"I don't really remember. It was probably about resources. For a few years, our guys were fighting the Soviets, and then they blew the whole damn world up with nukes.","Niewiele pamiętam. Pewnie chodziło o zasoby. Przez kilka lat nasi walczyli z Sowietami, a potem wysadzili cały cholerny świat atomówkami."
"Yeah. A few days ago I found an old TV. There’s no signal anymore - all gone after the war. But it’s got a VHS player. If you find any movie tape out there, bring it to me. In return, I'll give you a special weapon.","Tak. Kilka dni temu znalazłem stary telewizor. Nie ma już sygnału telewizyjnego. Po wojnie wszystko zniknęło. Ale za to ma odtwarzacz VHS. Jeśli znajdziesz gdzieś jakąś kasetę z filmem, przynieś mi ją. W zamian dam ci specjalną broń."
"In the state of Mississippi. Just head straight east. If the rumors I heard are true, he should be somewhere near an oasis out there.","W stanie Mississippi. Idź prosto na wschód. Jeśli plotki są prawdziwe, powinien być gdzieś w pobliżu oazy."
"I’ve got a VHS tape for you. Looks like some old western.","Mam dla ciebie kasetę VHS. To chyba jakiś stary western."
"Great! I used to watch westerns a lot when I was young. Might’ve seen this one already… The tape looks old, but maybe it still works. Will you wait while I check?","Świetnie! Kiedy byłem młody, często oglądałem westerny. Może już to widziałem… Kaseta jest stara, ale może jeszcze działa. Poczekasz, aż sprawdzę ją?"
"Alright, let’s check it out.","Dobra, sprawdzaj ją."
"You earn 140 EXP.","Zdobywasz 140 EXP."
"Oh, it works! Looks pretty good, actually… Thanks for the tape. As promised, here's your reward. A K47 Assault Rifle with a rare drum magazine. I took it from a dead Russian soldier during the war.","O, działa! Właściwie wygląda całkiem dobrze… Dzięki za kasetę. Zgodnie z obietnicą, oto twoja nagroda. Karabin szturmowy K47 z rzadkim magazynkiem bębnowym. Zabrałem go martwemu rosyjskiemu żołnierzowi podczas wojny."
"Hey, back again? The soup’s ready, two bucks if you want some.","O, znowu jesteś? Zupa już gotowa. Dwa dolary i jest twoja."
"This is a soup","To jest zupa."
"This is Morrow","To jest Morrow."
"Welcome. I’m Morrow, founder and leader of this village. What brings you to me?","Witaj. Jestem Morrow, założyciel i przywódca tej wioski. Co cię do mnie sprowadza?"
"How did this village come to be?","Jak powstała ta wioska?"
"Can I go deeper into the city ruins?","Mogę wejść głębiej w ruiny miasta?"
"I need to keep moving.","Muszę ruszać dalej."
"The village was founded in 2110 on the site of a survivor camp built by soldiers. All the zombies who were here helped build it. Nothing has changed since 2110.","Wioska powstała w 2110 roku na miejscu obozu dla ocalałych, który postawili żołnierze. Wszyscy zombie z miasta pomagali ją budować. Od 2110 roku nic się tutaj nie zmieniło."
"Are there any non-zombies living in the village?","Czy w wiosce mieszkają jacyś nie-zombie?"
"Is there anything interesting to see here?","Czy jest tu coś ciekawego do zobaczenia?"
"Let’s talk about something else.","Porozmawiajmy o czymś innym."
"No, this village is only for zombies who survived Little Rock. Basically, everyone who made it ended up a zombie. There was no chance to avoid it - the bomb hit the city center directly.","Nie, ta wioska jest tylko dla zombie, którzy przeżyłi w Little Rock. W zasadzie każdy, kto przeżył, stał się zombie. Nie było szans tego uniknąć, bo bomba trafiła prosto w centrum miasta."
"Not really. There’s just my house, Private Ryan’s house, a zombie dormitory and the cafeteria. As you can see - nothing exciting.","Niezbyt. Jest tu tylko mój dom, dom Szeregowca Ryana, noclegownia dla zombie i stołówka. Jak widzisz – nic ciekawego."
"Alright. What else do you want to know from me?","Dobra. Czego jeszcze chcesz się ode mnie dowiedzieć?"
"No, there’s still terrible radiation there. Many soldiers never came back from that place, so we put up sheet metal fences near the skyscrapers.","Nie, wciąż jest tam straszne promieniowanie. Wielu żołnierzy nigdy stamtąd nie wróciło, więc przy wieżowcach ustawiliśmy metalowe ogrodzenia."
"Actually… yes. Strange noises have been coming from the old supermarket east of the village for a few days. I don’t know if it’s people or some kind of mutated creatures, but it could be a threat to the village. Could you go there and check it out?","Właściwie… tak. Od kilku dni ze starego supermarketu na wschód stąd dochodzą dziwne odgłosy. Nie wiem, czy to ludzie, czy jakieś zmutowane stworzenia, ale może to stwarzać zagrożenie dla wioski. Możesz tam pójść i sprawdzić to?"
"Sure, I’ll check it out. Maybe it’s just rats...","Jasne, sprawdzę. Może to tylko szczury..."
"I don’t have time for that nonsense.","Nie mam czasu na takie bzdury."
"Great. Once you check it out, come back and report what you saw. I’ll pay well for every bit of info.
","Świetnie. Gdy sprawdzisz, wróć i powiedz, co widziałeś. Dobrze zapłacę za każdą informację.
"
"Where is the old supermarket?","Gdzie jest stary supermarket?"
"It’s east of the village. A big, old building with a FoodMart sign - hard to miss.","Supermarket jest na wschód od wioski. To duży, stary budynek z szyldem FoodMart – trudno go przeoczyć."
"Shame. But I get it... you probably have more important things to do than deal with our village’s problems.","Szkoda. Ale rozumiem... Pewnie masz ważniejsze rzeczy do zrobienia niż zajmowanie się problemami naszej wioski."
"This is a shopping cart","To jest wózek sklepowy."
"This is a telephone","To jest telefon."
"You need a rope.","Potrzebujesz liny."
"Chemist","Chemik"
"FoodMart","FoodMart"
"Damn! What are you doing here? How did you find me?","Cholera! Co ty tu robisz? Jak mnie tu znalazłeś?"
"What am I doing here? I should be the one asking what you’re doing and who you are.","Co ja tu robię? To ja powinienem pytać, co ty tu robisz i kim jesteś."
"I have to go now, see you later.","Muszę już iść, do zobaczenia."
"You again?","Znowu ty?"
"Ok, I’m Francis. I make my “candies” here. But these aren’t ordinary sweet candies - they’re candies that enhance combat performance. Still, you shouldn’t overdo it; in excess, they can cause hallucinations and vomiting.","Dobra, jestem Francis. Robię tutaj moje „cukierki”. Ale to nie są zwykłe cukierki. One zwiększają skuteczność w walce. Nie powinieneś jednak z nimi przesadzać. W nadmiarze mogą powodować halucynacje i wymioty."
"Morrow sent me here. Strange noises have been coming from FoodMart, do you know anything about that?","Morrow mnie tu przysłał. Ze sklepu FoodMart dochodzą dziwne odgłosy, wiesz coś o tym?"
"Why are you hiding here?","Dlaczego się tutaj ukrywasz?"
"Can I buy some of your candies?","Mogę kupić trochę twoich cukierków?"
"Oh no, they heard me. Damn, I thought I was quiet enough to run my experiments in peace. Promise me you won’t turn me in.","O nie, usłyszeli mnie. Kurwa, myślałem, że jestem wystarczająco cicho, żeby spokojnie prowadzić swoje eksperymenty. Obiecaj mi, że mnie nie wydasz."
"I promise. But what should I tell Morrow?","Obiecuję. Ale co mam powiedzieć Morrowowi?"
"Thanks. Tell him there were huge rats here and that you killed them. He’ll surely reward you well. And from now on, I’ll make my candies more quietly.","Dzięki. Powiedz mu, że były tu ogromne szczury i że je zabiłeś. Na pewno dobrze cię wynagrodzi. Od teraz będę robił moje cukierki trochę ciszej."
"I have to. I used to live in Evergreen City, but the president didn’t like what I was doing and kicked me out. My “candies” are considered illegal by them. I can’t make them anywhere else, so I do it here.","Muszę. Kiedyś mieszkałem w Evergreen City, ale prezydentowi nie podobało się to, co robiłem, więc mnie wyrzucił. Moje „cukierki” są przez nich uznawane za nielegalne. Nie mogę robić ich nigdzie indziej, więc robię je tutaj."
"Sure, I sell them in pairs. Two candies cost 10 dollars. Just be careful not to overdo it - in excess, they can cause hallucinations and vomiting.","Jasne, sprzedaję je po dwie sztuki. Dwa cukierki kosztują 10 dolarów. Tylko nie przesadzaj – w nadmiarze mogą powodować halucynacje i wymioty."
"This is a periodic table","To jest układ okresowy."
"This is Francis","To jest Francis."
"This is a tomato soup","To jest zupa pomidorowa."
"■ Tomato Soup Can","■ Puszka zupy pomidorowej"
"You’re back. What do you need?","Wróciłeś. Czego tym razem potrzebujesz?"
"I'm back from the FoodMart.","Wracam z FoodMart."
"Alright, tell me what you saw there.","Dobrze, powiedz, co tam widziałeś."
"There were giant rats in FoodMart. I killed them already.","W FoodMarcie były wielkie szczury. Ale już je zabiłem."
"I found a man living in the basement of the FoodMart. He's making drug-laced candy.","W podziemiach FoodMartu mieszka mężczyzna. Tworzy on narkotyzujące cukierki."
"Good job. I was afraid it was something more serious, but since it was just rats, it’s great you got rid of them. The whole village can sleep easier. Here’s your reward – 250 dollars, you’ve earned it","Dobra robota. Bałem się, że to coś poważniejszego, ale skoro to były tylko szczury, to dobrze, że się ich pozbyłeś. Cała wioska może teraz spać spokojniej. Oto twoja nagroda, 250 dolarów. Zasłużyłeś na nie."
"Hmm... that's interesting. We'll deal with this problem later. Here's $250. You did a good job.","Hmm... to ciekawe. Zajmiemy się tym problemem później. Oto twoje 250 dolarów. Dobra robota."
"I brought the carrots you asked for.","Przyniosłem marchew, o którą prosiłeś."
"You earn 80 EXP.","Zdobywasz 80 EXP."
"Great! I thought you weren’t coming back. The soup almost lost its unique taste! Thanks, here’s 60 dollars – just like I promised.","Świetnie! Myślałem, że już nie wrócisz. Zupa prawie straciła swój wyjątkowy smak! Dzięki, oto 60 dolarów – tak jak obiecałem."
"This is a water","To jest woda."
"This is a tent","To jest namiot."
"This is Donald","To jest Donald."
"Water guy","Sprzedawca wody"
"Oasis","Oaza"
"Hey there, friend… You look thirsty. Out here by this oasis, everyone’s welcome. People used to call me “Mr. President”... but now they just say: the water guy.","Hej, przyjacielu… Wyglądasz na spragnionego. Przy mojej oazie każdy jest mile widziany. Kiedyś mówili na mnie „Pan Prezydent”... ale teraz nazywają mnie po prostu sprzedawcą wody."
"Private Ryan told me you might have an access card to the Elwood Research Annex. Can you give it to me?","Szeregowy Ryan powiedział mi, że możesz mieć kartę dostępu do Elwood Research Annex. Możesz mi ją dać?"
"Where do you get the water from?","Skąd bierzesz wodę?"
"You were once a president… really?","Naprawdę byłeś kiedyś prezydentem?"
"How long have you been living here?","Jak długo tu mieszkasz?"
"See you around, old president.","Do zobaczenia, panie prezydencie."
"Elwood Research Annex, you say? Interesting... How do you even know about that? I can’t just give you that card. How do I know you’re not a Soviet spy?","Elwood Research Annex, mówisz? Ciekawe... Skąd w ogóle o niej wiesz? Nie mogę tak po prostu dać ci tej karty. Skąd mam wiedzieć, że nie jesteś sowieckim szpiegiem?"
"What do I have to do to convince you?","Co mam zrobić, żeby cię przekonać?"
"First, tell me why you even want to get in there. That base is classified. I can’t just let anyone walk in. You’ll need a very good reason.","Najpierw powiedz, po co w ogóle chcesz tam wejść. Ta baza jest tajna. Nie mogę tak po prostu wpuścić tam każdego. Musisz mieć naprawdę dobry powód."
"I’ve heard there’s a Farm Restorer device in the base. Thanks to it, I could set up a farm and have a steady source of food.","Słyszałem, że w bazie jest urządzenie Farm Restorer. Dzięki niemu mógłbym założyć farmę i mieć stałe źródło pożywienia."
"That sounds interesting. Here’s the deal - if you get my old pocket watch back from those damn scavengers, I’ll give you the access card.","To brzmi ciekawie. Ubijmy interes. Jeśli odzyskasz mój stary zegarek kieszonkowy od tych cholernych szabrowników, dam ci kartę dostępu."
"How do you know it was the scavengers who stole it?","Skąd wiesz, że ukradli go szabrownicy?"
"Do you know where they are now?","Wiesz, gdzie oni teraz są?"
"Because no one else was around before I noticed it was gone. They were roaming near my tent for a week, so I’m sure it was them.","Bo nikogo innego nie było w pobliżu, zanim zauważyłem, że go nie ma. Przez tydzień kręcili się w pobliżu mojego namiotu, więc jestem pewien, że to oni."
"After they ran off, I started tracking them. They stopped not far to the north, set up their tents on the desert, and lit a fire. I couldn’t take my pocket watch back because they’re armed, and all I have to defend myself is a machete.","Kiedy uciekli, zacząłem ich śledzić. Zatrzymali się niedaleko na północy, rozbili namioty na pustyni i rozpalili ognisko. Nie mogłem odzyskać zegarka, bo są uzbrojeni, a jedyne, czym mogę się bronić, to maczeta."
"Ok, I’ll help you, but tell me, what does the watch look like?","Dobra, pomogę ci, ale powiedz, jak wygląda zegarek?"
"You earn 400 EXP.","Zdobywasz 400 EXP."
"It’s a gold pocket watch with black numbers and a gold chain. On the back, it says “President of the USA.” Once you get it, come back to me and I’ll give you the access card.","To złoty zegarek kieszonkowy z czarnymi cyframi i złotym łańcuszkiem. Z tyłu ma napis „President of the USA”. Gdy go zdobędziesz, wróć do mnie, a dam ci kartę dostępu."
"Do you know where those scavengers are now?","Wiesz, gdzie teraz są ci szabrownicy?"
"From that little lake right in front of me. Might not be crystal clear, but out here, it’s all about killing the thirst. You don’t get picky in a place like this.","Wodę biorę tego małego jeziora tuż przede mną. Może nie jest krystalicznie czysta, ale tutaj chodzi przede wszystkim o ugaszenie pragnienia. W takim miejscu nie można być wybrednym."
"Yes, I was president before the nuclear war. Two terms. During the war, I hid in a bunker. When I came out, there was no country left to lead. I wandered until I found this oasis and started selling water.","Tak, przed wojną nuklearną byłem prezydentem. I to przez dwie kadencje. Podczas wojny ukryłem się w bunkrze. Kiedy wyszedłem, nie było już kraju, którym mógłbym rządzić. Wędrowałem, aż znalazłem tę oazę i zacząłem sprzedawać wodę."
"Honestly, I don’t know. Maybe a year, maybe two. Time flows differently here.","Szczerze mówiąc, nie wiem. Może rok, może dwa. Tutaj czas płynie inaczej."
"From what I’ve found out, they stopped north of here and set up a small camp. Be careful, they’re armed to the teeth.","Z tego, co wiem, zatrzymali się na północ stąd i założyli mały obóz. Uważaj, są uzbrojeni po zęby."
"This is a metal box","To jest metalowa skrzynia."
"This is a lockpick","To jest wytrych."
"This is Bandit","To jest bandyta."
"CRITICAL HIT! Bandit","DOSTAŁ KRYTYKA! Bandyta"
"■ Lockpick","■ Wytrych"
"Metal box is locked.","Skrzynia jest zamknięta."
"You failed to pick the","Nie udało ci się otworzyć"
"lock.","zamka."
"You successfully picked","Udało ci się otworzyć"
"the lock.","zamek."
"Ah, it’s you again! Out of water, or just missed the old president?","A, to znowu ty! Skończyła ci się woda czy po prostu zatęskniłeś za starym prezydentem?"
"I brought your watch.","Przyniosłem twój zegarek."
"<color=#FFB000>Level Up! New level: 4</color>","<color=#FFB000>Awans! Nowy poziom: 4</color>"
"Let’s see if it’s really the one… [examines the watch for a moment] Yes, that’s it. Thank you very much. This is a very important keepsake - I got it from President Reagan. As promised, here’s the military base access card.","Zobaczmy, czy to napewno ten… [przez chwilę ogląda zegarek] Tak, to on. Bardzo ci dziękuję. To cenna pamiątka – dostałem go od prezydenta Reagana. Zgodnie z obietnicą, oto karta dostępu do bazy wojskowej."
"This is a UFO","To jest UFO."
"This is a sand","To jest piasek."
"The door is locked.","Drzwi są zamknięte."
"This is a AC","To jest klimatyzator."
"This is a bench","To jest ławka."
"This is a container","To jest kontener."
"This is a server","To jest serwer."
"The target is too far","Cel jest za daleko"
"away.","żeby go trafić."
"8 point(s).","8 punktów."
"You're hit! You lose 10","Thomas oberwał! Traci 10"
"CRITICAL HIT! You lose 20","KRYTYK! Thomas traci 20"
"loses 16 point(s).","traci 16 punktów."
"■ Access Card - Level C","■ Karta dostępu poziom C"
"This is a chamber unit","To jest komora."
"This is a Farm Restorer","To jest Farm Restorer."
"2097-05-21
23:18
This is probably the most important day of my life. I have finally managed to create the Farm Restorer prototype.
If the world truly collapses in nuclear fire, this device will give people a chance. On scorched, radioactive wastelands it will be possible to create vast farms of radiation-resistant crops, places where everyone will have access to food and where the widespread hunger that may follow the war will no longer be a threat.
I am only missing two elements: a power source and suitable seeds.
The power source does not need to be complicated. After the war, car batteries will be everywhere, in the wrecks of abandoned vehicles. This is a perfect and easily accessible solution.","2097-05-21
23:18
To prawdopodobnie najważniejszy dzień w moim życiu. W końcu udało mi się stworzyć prototyp Farm Restorera.
Jeśli świat naprawdę pogrąży się w nuklearnym ogniu, to urządzenie da ludziom szansę. Na spalonych, napromieniowanych pustkowiach będzie można stworzyć ogromne farmy upraw odpornych na promieniowanie, miejsca, w których każdy będzie miał dostęp do żywności, a powszechny głód, który może nastąpić po wojnie, przestanie być zagrożeniem.
Brakuje mi tylko dwóch elementów: źródła zasilania i odpowiednich nasion.
Źródło zasilania nie musi być skomplikowane. Po wojnie akumulatory samochodowe będą wszędzie, w wrakach porzuconych pojazdów. To idealne i łatwo dostępne rozwiązanie."
"You earn 1500 EXP.","Zdobywasz 1500 EXP."
"■ Farm Restorer Log","■ Dziennik Farm Restorera"
"As for seeds, the best option would be modified wheat, resistant and fast-growing. I’m sure it can be found somewhere. The grains just need to be placed in special containers – I have a few empty ones in the cabinet nearby, they fit perfectly with the device.
For now, I’ll close my eyes. Tomorrow I’ll ask one of the soldiers to go and fetch the seeds for me.
And after that, we’ll run the first test of my invention.","Jeśli chodzi o nasiona, najlepszym rozwiązaniem byłaby zmodyfikowana pszenica, odporna i szybko rosnąca. Jestem pewien, że gdzieś można ją znaleźć. Ziarna trzeba tylko umieścić w specjalnych pojemnikach – mam kilka pustych w pobliskiej szafce, idealnie pasują do urządzenia.
Na razie zamknę oczy. Jutro poproszę jednego z żołnierzy, żeby przyniósł mi nasiona.
A potem przeprowadzimy pierwszy test mojego wynalazku."
"This is a water dispenser","To jest dystrybutor wody."
"Courier","Kurier"
"Military base","Baza wojskowa"
"Hey, you are finally outside. My name is Theodore. President Nixon sent me. He wants you to come to Evergreen City as soon as you can.","Hej. W końcu jesteś. Mam na imię Theodore. Przysłał mnie prezydent Nixon. Chce, żebyś jak najszybciej przyszedł do Evergreen City."
"What does he want from me, Mr. President?","Czego chce ode mnie pan prezydent?"
"Alright Theodore, I’ll be on my way.","Dobrze, Theodore, ruszam."
"He sent me so you can give him a report. I guess it’s because you were at that base, but I don’t know the details. Just go, and don’t ask me again.","Przysłał mnie, żebyś zdał mu raport. Pewnie dlatego, że byłeś w tej bazie, ale nie znam szczegółów. Idź i nie pytaj mnie więcej."
"You are still standing here? President Nixon is waiting. Go to Evergreen City now.","Wciąż tu stoisz? Prezydent Nixon czeka. Idź teraz do Evergreen City."
"Don’t interfere. I’m on duty.","Nie przeszkadzaj. Jestem na służbie."
"I’m here to secure the gate.","Mam pilnować bramy."
"Go back to your business.","Wracaj do swoich spraw."
"Check what's going on in the old supermarket","Sprawdź, co dzieje się w starym supermarkecie"
"Get wheat seeds and a car battery for the Farm Restorer device","Zdobądź nasiona pszenicy i akumulator do Farm Restorera"
"I heard you wanted to meet me. I am listening.","Słyszałem, że chciałeś się ze mną spotkać. Słucham."
"Yes, I wanted to see you. Tell me, what were you doing in the secret military base? I need to know, because that base is on my territory, in the Republic of Arkansas. So I ask again… what were you doing there?","Tak, chciałem się z tobą zobaczyć. Powiedz mi, co robiłeś w tajnej bazie wojskowej? Muszę to wiedzieć, bo ta baza znajduje się na terytorium Republiki Arkansas. Pytam więc jeszcze raz… co tam robiłeś?"
"I found what I was looking for in that base. A Farm Restorer… but it is not complete.","Znalazłem w tej bazie to, czego szukałem. Farm Restorer… ale nie jest kompletny."
"Farm Restorer? You mean it’s real… not just a rumor? Do you understand what this could mean? It could reduce the level of hunger in the wastelands. So tell me, what is missing from the device?","Farm Restorer? Czyli to prawda… a nie tylko plotka? Rozumiesz, co to znaczy? Możemy zmniejszyć głód na pustkowiach. Powiedz mi, czego brakuje w tym urządzeniu?"
"The device is missing a sample of wheat and a car battery.","Brakuje próbki pszenicy i akumulatora samochodowego."
"No problem. The Republic will help you get them. But you need to understand something - you cannot use this device on your own, you would only waste its potential. If you hand it over to the Republic, we will give you and your girlfriend a home in the capital. What do you think about that?","Nie ma problemu. Republika pomoże ci to zdobyć. Ale musisz coś zrozumieć – nie możesz użyć tego urządzenia na własną rękę, tylko zmarnujesz jego potencjał. Jeśli przekażesz je Republice, damy tobie i twojej dziewczynie dom w stolicy. Co o tym myślisz?"
"That sounds good. I accept your proposal.","Brzmi dobrze. Zgadzam się."
"How do you know I have a girlfriend? I never told you that.","Skąd wiesz, że mam dziewczynę? Nigdy ci o niej nie mówiłem."
"Excellent. I’m glad you agreed. Now we can move on to the details.","Świetnie. Cieszę się, że się zgodziłeś. Teraz możemy przejść do szczegółów."
"Where can I find a car battery?","Gdzie mogę znaleźć akumulator samochodowy?"
"Where can I find a wheat sample?","Gdzie mogę znaleźć próbkę pszenicy?"
"That’s easy to find. You can probably find one in an old car somewhere. Look around parking lots, outside stores or restaurants - you should find a charged one.","To łatwo znaleźć. Pewnie znajdziesz jeden w jakimś starym wraku. Rozejrzyj się na parkingach, przed sklepami lub restauracjami – powinieneś znaleźć jakiś naładowany."
"That is a tougher matter. The last supplies, as I’ve heard, are in a government bunker, but it is on the property of a farmer named Archi. You’ll have to convince him to give you access - he’s a very stubborn man. He lives to the northeast of Silverton, it should be easy to find him.","To trudniejsza sprawa. Z tego, co słyszałem, ostatnie zapasy są w rządowym bunkrze, ale znajduje się on na terenie farmy Archiego. Będziesz musiał przekonać go, żeby dał ci do niego dostęp. To bardzo uparty człowiek. Mieszka na północny wschód od Silverton, łatwo go znajdziesz."
"I know many things about you. I have my informants spread across the Republic. Think about it - how else would I know you entered the military base?","Wiem o tobie wiele. Mam informatorów w całej Republice. Pomyśl – skąd inaczej wiedziałbym, że wszedłeś do bazy wojskowej?"
"Oh, hello again. What brings you here this time?","O, witaj ponownie. Czego tym razem potrzebujesz?"
"I brought the fuel can.","Przyniosłem kanister z benzyną."
"Thanks, you really helped me out! I’ll pour the fuel into the tank and head to Missouri. In return, I have two Healthpacks for you. If you need a place to stay, you can crash at my place in Silverton for a while.","Dzięki, naprawdę mi pomogłeś! Wleję benzynę do baku i ruszam do Missouri. W zamian mam dla ciebie dwa Healthpacki. Jeśli potrzebujesz miejsca na nocleg, możesz przez jakiś czas zatrzymać się u mnie w Silverton."
"I managed to find a whole bag of fertilizer.","Udało mi się znaleźć cały worek nawozu."
"No way. Let me see it. You're right, it's real pre-war fertilizer, and it's a high quality brand too. I'll definitely use it the next time I plant new trees. As a reward, I'll give you half of my salary. That's 240 dollars.","Niemożliwe. Pokaż mi go. Masz rację, to prawdziwy przedwojenny nawóz, i to jeszcze wysokiej jakości. Na pewno użyję go, kiedy następnym razem będę sadził nowe drzewa. W nagrodę dam ci połowę mojej pensji. To 240 dolarów."
"It wasn’t easy, but I got you the nuclear battery.","Nie było łatwo, ale udało mi się zdobyć dla ciebie baterię nuklearną."
"Really? That’s wonderful! I can finally cook on my stove again instead of over a fire like some cave dweller. Here, take this, my old revolver and a few rounds I still have left. It should come in handy.","Naprawdę? To wspaniale! W końcu znowu będę mogła gotować na kuchence, zamiast gotować nad ogniem jak jakiś jaskiniowiec. Masz, weź to. To mój stary rewolwer z kilkoma nabojami, które mi jeszcze zostały. Na pewno ci się przydadzą."
"It wasn’t easy… but I got the venom for you.","Nie było łatwo… ale zdobyłem dla ciebie ten jad."
"Heh, I can believe that. Those Goldrax bastards don’t die easy. Thanks… now I can finally get rid of those hellish bugs. Here’s 270 dollars for your trouble.","Heh, mogę w to uwierzyć. Te pieprzone Goldraxy nie dają się łatwo zabić. Dzięki… teraz w końcu będę mógł pozbyć się tej przeklętej stonki. Masz tu 270 dolarów za fatygę."
"I’ve put up all the posters.","Rozwiesiłem wszystkie plakaty."
"Thanks. Maybe I’ll finally get more clients. Got something for you - a pre-war Jager Lord. Found it in a wreck years ago. Strong, herbal… rare stuff. Take it.","Dzięki. Może w końcu zdobędę więcej klientów. Mam coś dla ciebie. Przedwojenny Jager Lord. Znalazłem go we wraku wiele lat temu. Mocny, ziołowy… rzadki trunek. Proszę, weź go."
"Great. Once you check it out, come back and report what you saw. I’ll pay well for every bit of info.","Świetnie. Kiedy już to sprawdzisz, wróć do mnie i opowiedz mi, co tam widziałeś. Dobrze ci zapłacę za każdą informację."
"Locker is locked.","Szafka jest zamknięta."
"This is a fertilizer","To jest nawóz"
"■ Fertilizer","■ Nawóz"
"This is a dog house","To jest buda dla psa"
"This is a coffee service","To jest serwis do kawy"
"This is Archi","To jest Archi"
"Hey! What the hell are you doing on my farm? Can’t a man get some peace around here? People keep showing up all the time!","Hej! Co do cholery robisz na mojej farmie? Człowiek nie może mieć nawet chwili świętego spokoju? Ciągle ktoś tu przyłazi!"
"President sent me. I need access to the government bunker under your farm.","Prezydent mnie przysłał. Potrzebuję dostępu do rządowego bunkra."
"What are you doing out here in the middle of nowhere?","Co robisz na takim odludziu?"
"How many years have you lived here?","Ile lat już tu mieszkasz?"
"Don’t you get bored living here all by yourself?","Nie nudzi ci się mieszkać tutaj samemu?"
"What’s under that trapdoor?","Co jest pod tym włazem?"
"Fine, I’m leaving. Didn’t plan to stay long anyway.","Dobra, już idę. I tak nie zamierzałem długo tutaj zostać."
"I don’t care who sent you. That bunker’s on my land and I decide who gets in.","Nie obchodzi mnie, kto cię tu przysłał. Ten bunkier jest na mojej ziemi i to ja decyduję, kto do niego wejdzie."
"How can I convince you to let me in?","Jak mogę cię przekonać, żebyś mnie wpuścił?"
"Ehh, I see you’re not giving me any peace. If you want to convince me, first bring me a can of pre-war coffee. A traveling merchant tested me with one not long ago - been craving it ever since. When you bring me the can, then we’ll talk.","Ech, widzę, że nie dasz mi spokoju. Jeśli chcesz mnie przekonać, najpierw przynieś mi puszkę kawy sprzed wojny. Niedawno pewien wędrowny handlarz poczęstował mnie taką kawą. Od tamtej pory ciągle mam na nią ochotę. Przynieś mi puszkę, a wtedy porozmawiamy."
"Where the hell am I supposed to find coffee in the wastelands?","Skąd ja, do cholery, mam ci wziąć kawę na tych pustkowiach?"
"I don’t know. Try looking in some store. If I remember right, before the war my mom did the shopping at the FoodMart in Little Rock. Maybe that store’s still standing.","Nie wiem. Spróbuj poszukać w jakimś sklepie. Jeśli dobrze pamiętam, przed wojną moja mama robiła zakupy w FoodMart w Little Rock. Może ten sklep wciąż stoi."
"I tend to my cows and grow corn. Can’t you see the cows and corn outside?","Pasę krowy i uprawiam kukurydzę. Nie widziałeś krów i kukurydzy na zewnątrz?"
"Since I was born. My father tended this land before me, and now I inherited it. Anything else you want to know?","Mieszkam tu od urodzenia. Mój ojciec uprawiał tą ziemią przede mną, a potem ja ją odziedziczyłem. Chcesz wiedzieć coś jeszcze?"
"No. There’s always work to do on the farm. No girlfriend yet, but I’ll find someone someday. Anything else you want to know?","Nie. Na farmie zawsze jest coś do roboty. Dziewczyny jeszcze nie mam, ale kiedyś jakąś znajdę. Coś jeszcze cię interesuje?"
"This is a chocolate bar","To jest czekolada"
"This is a noodle","To jest zupka instant."
"This is a coffee","To jest kawa"
"■ Coffee Can","■ Puszka kawy"
"■ Harley’s Chocolate","■ Czekolada Harleya"
"■ Cup of Noodles","■ Zupka instant"
"Back again, huh? Can’t you go somewhere else?","Znowu wróciłeś? Nie mogłeś pójść gdzie indziej?"
"I found that coffee you wanted.","Znalazłem tę kawę, której chciałeś."
"<color=#FFB000>Level Up! New level: 5</color>","<color=#FFB000>Awans! Nowy poziom: 5</color>"
"Hah, didn’t think you’d pull it off. [sniffs the coffee] Mmm, that aroma… But coffee alone isn’t enough. You’ll need to do more to convince me to open the bunker.","Ha, nie sądziłem, że ci się uda. [wącha kawę] Mmm, ten aromat… Ale sama kawa nie wystarczy. Będziesz musiał zrobić coś więcej, żebym zgodził się otworzyć bunkier."
"What else do I have to do for you?","Co jeszcze mam dla ciebie zrobić?"
"One of my water tanks stopped working. I think the valve’s busted - the one you use to open and close the flow. All the water leaked out. Get me a replacement valve and fix the tank, and I’ll let you into the bunker.","Jeden z moich zbiorników na wodę przestał działać. Chyba zepsuł się zawór – ten, którym otwiera się i zamyka dopływ wody. Cała woda wyciekła. Znajdź mi nowy zawór i napraw zbiornik, a wpuszczę cię do bunkra."
"Do you even know where I could find a valve like that?","Wiesz w ogóle, gdzie mogę znaleźć taki zawór?"
"Yeah, I’ve got a few ideas. You could head to Silverton - they’ve got plenty of water tanks there, maybe you can take one from them. Doubt they’d even notice one’s missing. Or check the junkyard; if not there, some scavenger might have one lying around.","Tak, mam kilka pomysłów. Możesz udać się do Silverton. Mają tam sporo zbiorników na wodę, może uda ci się jakiś podwędzić. Wątpię, żeby w ogóle zauważyli, że jednego brakuje. Możesz też sprawdzić na złomowisku. Jeśli tam nie znajdziesz, może jakiś szabrownik będzie miał jeden."
"July 15, 2009

Arkansas to Become a Desert?

Scientists warn that if climate change continues unchecked, Arkansas could resemble the deserts of Nevada by the year 2100. Forests and farmland may give way to vast sandy plains, while prolonged droughts leave only cacti and other heat-resistant plants able to survive. Though the prediction may seem unbelievable today, researchers insist it could become reality without decisive action.","15 lipca 2009

Arkansas zamieni się w pustynię?

Naukowcy ostrzegają, że jeśli zmiany klimatu będą postępować bez przeszkód, do 2100 roku Arkansas może przypominać pustynie Nevady. Lasy i pola uprawne mogą ustąpić miejsca rozległym piaszczystym równinom, a długotrwałe susze sprawią, że przetrwają tylko kaktusy i inne rośliny odporne na wysokie temperatury. Choć dziś ta prognoza może wydawać się niewiarygodna, naukowcy twierdzą, że bez zdecydowanych działań może stać się rzeczywistością."
"This is a motel sign","To jest neon motelu."
"This is a food stand","To stoisko z jedzeniem"
"This is Benny","To jest Benny"
"This is a stop sign","To jest znak STOP"
"This is Elvis","To jest Elvis"
"Hotelier","Hotelarz"
"Silverton","Silverton"
"Welcome to the Arizona Motel. My name is Elvis. What can I do for you?","Witaj w Arizona Motel. Mam na imię Elvis. Czego potrzebujesz?"
"How much for a night at the hotel?","Ile kosztuje noc w hotelu?"
"Can I get something to eat here?","Mogę tu coś zjeść?"
"Anything interesting around Silverton?","Jest coś ciekawego w Silverton?"
"I'll be back soon, Elvis.","Wrócę niedługo, Elvis."
"It's normally 10 dollars per night. You pay when you decide to use the bed.","Zwykle kosztuje 10 dolarów za noc. Płacisz, po skorzystaniu z łóżka."
"Sure. I serve solid beef burgers made with meat from Evergreen City. I've also got fresh sausage and homemade pork chops. You won’t leave hungry.","Jasne. Serwuję porządne burgery z mięsa wołowego z Evergreen City. Mam też świeżą kiełbasę i domowe kotlety schabowe. Napewno nie wyjdziesz stąd głodny."
"Sure. Right next to the hotel, there’s a casino if you feel like testing your luck. Across the street, there’s a Hawaiian shirt shop - Jed runs it. And if you’re more into the spiritual stuff, we’ve also got Saint Sylvester’s Church.","Pewnie. Tuż obok hotelu jest kasyno. Możesz tam spróbować swojego szczęścia. Po drugiej stronie ulicy znajduje się sklep z hawajskimi koszulami – prowadzi go Jed. A jeśli bardziej interesują cię sprawy duchowe, mamy też kościół świętego Sylwestra."
"Welcome! Wanna try some delicious Ratburgers fresh off the grill?","Witaj! Chcesz spróbować pysznego Ratburgera prosto z grilla?"
"What exactly are these Ratburgers made of?","Z czego właściwie robisz te Ratburgery?"
"How's business going?","Jak idzie interes?"
"Do you have any special sauce for those ratburgers?","Masz jakiś specjalny sos do tych Ratburgerów?"
"Catch you next time.","Do następnego."
"I make them from local rats that roam the wasteland. I hunt them myself. For the Ratburgers, I add fresh tomato and some good cheddar cheese. Tastes damn good!","Robię je z miejscowych szczurów, które wałęsają się po pustkowiach. Sam na nie poluję. Do Ratburgerów dodaję też świeżego pomidora i tłusty ser cheddar. Smakują cholernie dobrze!"
"Eh, not too well... Elvis is stealing my customers. He's got access to better meat and serves decent meals I can't afford. People prefer his food over my Ratburgers. I’m starting to wonder how much longer I’ll last in this business.","Ech, nie najlepiej… Elvis odbiera mi klientów. Ma dostęp do lepszego mięsa i serwuje porządne jedzenie, na które mnie nie stać. Ludzie wolą jego jedzenie od moich Ratburgerów. Zaczynam się zastanawiać, jak długo jeszcze utrzymam się w tym interesie."
"I’ve only got ketchup and mustard. I once wanted to find something spicy to improve the taste - you know, rat meat’s not exactly delicious. If you find a sauce, bring it to me - I’ll give you an M10 Submachine Gun and some ammo.","Mam tylko ketchup i musztardę. Chciałem kiedyś znaleźć coś ostrego, żeby poprawić smak – wiesz, mięso szczura nie jest specjalnie smaczne. Jeśli znajdziesz jakiś sos, przynieś mi go – dam ci pistolet maszynowy M10 i trochę amunicji."
"Welcome back to the Arizona Motel. What can I do for you?","Witaj ponownie w Arizona Motel. Czego tym razem potrzebujesz?"
"Enter the Government Bunker under Archie’s Farm","Wejdź do rządowego bunkra pod farmą Archiego"
"Fix the Water Tank","Napraw zbiornik na wodę"
"Farm","Farma"
"Find a Special Sauce for the Ratburgers","Znajdź specjalny sos do Ratburgerów"
"This is Frank","To jest Frank"
"This is a shirts","To są koszule"
"Welcome to Jed’s Hawaiian Emporium! If you're looking for a good Hawaiian shirt, you’ve come to the right place.","Witaj w Jed’s Hawaiian Emporium! Jeśli szukasz dobrej hawajskiej koszuli, trafiłeś we właściwe miejsce."
"Why Hawaiian shirts, of all things?","Dlaczego sprzedajesz akurat hawajskie koszule?"
"Do many folks in Silverton buy this kind of stuff?","Dużo ludzi w Silverton kupuje takie koszule?"
"Do you have anything in my size?","Masz coś w moim rozmiarze?"
"You look a bit off. Can I help you with something?","Wyglądasz na przygnębionego. Mogę ci jakoś pomóc?"
"Aloha, Jed!","Aloha, Jed!"
"I’m from Hawaii. In my home village, everyone wears shirts like these. When I came to Arkansas, I saw people dressed all dull and gray. I figured it was time to bring in some color. That’s how my shop got started.","Pochodzę z Hawajów. W mojej rodzinnej wiosce wszyscy noszą takie koszule. Kiedy przyjechałem do Arkansas, zobaczyłem, że wszyscy tu ubierają się ponuro i szaro. Pomyślałem, że najwyższy czas wprowadzić tu trochę koloru. I tak powstał ten sklep."
"Yeah, pretty much everyone in the village wears one of my shirts. Well, except for Father Adam, Benny - the Ratburger guy, and Dr. Harlan. Thanks to me, Silverton is one of the most colorful places in the wasteland.","Tak, właściwie każdy w wiosce nosi jedną z moich koszul. No, może poza Ojcem Adamem, Bennym – tym od Ratburgerów – i doktorem Harlanem. Dzięki mnie Silverton jest jednym z najbardziej kolorowych miejsc na pustkowiach."
"I’m sure we can find something! I’ve got shirts in every size, from the smallest to the really big ones.","Na pewno coś znajdziemy! Mam koszule w każdym rozmiarze, od najmniejszych po naprawdę duże."
"Ehh... My fabric suppliers haven’t shown up for two days. They were supposed to bring me three bundles from Pinehill, but they vanished without a word. I’m worried. Could you check what happened to them?","Ech… Moi dostawcy tkanin nie pojawiają się od dwóch dni. Mieli przywieźć mi trzy bele z Pinehill, ale zniknęli bez słowa. Martwię się. Mógłbyś sprawdzić, co się z nimi stało?"
"Don’t worry, I’ll look into it.","Nie martw się, sprawdzę, co się stało."
"Sorry, but I don’t have time to run around the wasteland.","Przykro mi, ale nie mam czasu włóczyć się po pustkowiach."
"I get it. The wasteland is dangerous. Maybe someone else will take the job.","Rozumiem. Pustkowia są niebezpieczne. Może ktoś inny się tego podejmie."
"Thanks! Start by checking the road from Pinehill to Silverton. If you find anything - come back to me.","Dzięki! Zacznij od sprawdzenia drogi z Pinehill do Silverton. Jeśli coś znajdziesz, wróć do mnie."
"Where should I look for your suppliers?","Gdzie powinienem szukać twoich dostawców?"
"This is Jed","To jest Jed"
"This is a medical curatin","To jest parawan"
"This is a magazine","To jest magazyn"
"This is a lab setup","To jest małe laboratorium"
"This is Dr. Harlan","To jest doktor Harlan"
"This is Samuel","To jest Samuel"
"S-Samuel… it’s me… I-I’m still… here…","S-Samuel… to ja… W-Wciąż… tu jestem…"
"H-h-help… grrhhrk… me…","P-pomóż… grrhhrk… mi…"
"P-please… b-before it’s… too late…","P-proszę… z-zanim będzie… za późno…"
"Don’t… let me… d-die… help…","Nie… pozwól mi… u-umrzeć… pomóż…"
"Doctor","Doktor"
"Welcome to my small clinic. My name’s Dr. Harlan. How can I help you?","Witaj w mojej małej klinice. Nazywam się doktor Harlan. W czym mogę ci pomóc?"
"How did you end up being a doctor?","Jak zostałeś lekarzem?"
"What’s that equipment on the table? Looks like something from a lab.","Co to za sprzęt na stole? Wygląda jak coś z laboratorium."
"Can you heal me?","Możesz mnie wyleczyć?"
"What happened to the man on the bed?","Co się stało temu mężczyźnie na łóżku?"
"Stay safe. I’ll be back.","Trzymaj się. Jeszcze tu wrócę."
"Back again? Need something else treated?","O, wróciłeś? Masz coś jeszcze do wyleczenia?"
"Before the war, I worked in a research lab studying alpha, beta, and gamma radiation. After everything collapsed, I was one of the few who knew how to handle it. That’s why I know how to treat people.","Przed wojną pracowałem w laboratorium badawczym, gdzie zajmowałem się promieniowaniem alfa, beta i gamma. Po upadku świata byłem jednym z niewielu, którzy wiedzieli, jak sobie z nim radzić. Dlatego wiem, jak leczyć ludzi."
"This is my small lab. I prepare a stronger version of Radkiller here, one that heals more effectively when dealing with higher doses of radiation. The regular Radkiller doesn’t heal as much from larger doses as mine does.","To moje małe laboratorium. Przygotowuję tutaj mocniejszą wersję Radkillera, która skuteczniej zwalcza większe dawki promieniowania. Zwykły Radkiller nie radzi sobie z nimi tak dobrze jak mój."
"Yes, I can sell you the right medicine. I have Healthpak, regular Radkiller, or an upgraded version that heals higher doses of radiation.","Tak, mogę sprzedać ci odpowiednie leki. Mam HealthPaki, zwykłe Radkillery albo jego ulepszoną wersję, która zwalcza większe dawki promieniowania."
"Brother Adam brought him here. He was bitten by a zombie and then hid in the church. I don’t know how to cure him before he turns into a zombie. Maybe there’s an answer in a book somewhere… If you find anything, bring it to me.","Brat Adam przyprowadził go tutaj. Został ugryziony przez zombie, a potem ukrył się w kościele. Nie wiem, jak go wyleczyć, zanim zamieni się w zombie. Może gdzieś w jakiejś książce jest odpowiedź… Jeśli jakąś znajdziesz, przynieś mi ją."
"I’ve got the Encyclopedia of Medicine for you.","Mam dla ciebie Encyklopedię medycyny."
"Oh, thank you! This could be exactly what we need. [flips through the book] Here it is! Mixing a Healthpak with a Radkiller stops the zombie transformation. Here’s $300 for your trouble - that’s what this book is currently worth on the market, as far as I know.","O, dzięki! To może być dokładnie to, czego potrzebujemy. [przerzuca strony książki] Jest! Połączenie HealthPaka z Radkillerem zatrzymuje przemianę w zombie. Masz tutaj 300 dolarów za fatygę. O ile wiem, tyle ta książka jest obecnie warta na rynku."
"■ First Aid for Beginners","■ First Aid for Beginners"
"This is a statue of Saint","To jest posąg świętego"
"Sylvester","Sylwestra"
"Saint Sylvester","Świętego Sylwestera"
"This is a candle wall","To są świecznik"
"This is Adam","To jest Brat Adam"
"This is a lectern","To jest pulpit"
"Pastor","Pastor"
"Peace be with you. Welcome to the Church of Saint Sylvester. I’m Brother Adam. If you seek peace or reflection - you’re in the right place.","Pokój z tobą. Witaj w kościele świętego Sylwestra. Jestem Brat Adam. Jeśli szukasz spokoju lub chwili zadumy, trafiłeś we właściwe miejsce."
"Who was Saint Sylvester?","Kim był święty Sylwester?"
"Why is Saint Sylvester the patron of this church?","Dlaczego święty Sylwester jest patronem tego kościoła?"
"What denomination is this church part of?","Do jakiego wyznania należy ten kościół?"
"Can you bless me?","Czy możesz mnie pobłogosławić?"
"May peace be with you, Brother.","Pokój z tobą, Bracie."
"Ah, welcome back. The doors of Saint Sylvester's are always open to those seeking calm and clarity.","Ach, witaj ponownie. Drzwi kościoła świętego Sylwestra są zawsze otwarte dla tych, którzy szukają spokoju i jasności umysłu."
"He was a humble man who lived in the forests before the war. He owned nothing but a walking stick and a hooded robe. He sought only peace and clarity of spirit. We follow his example in these broken times.","Był skromnym człowiekiem, który przed wojną żył w lasach. Nie posiadał nic poza laską i szatą z kapturem. Szukał jedynie spokoju i jasności ducha. W tych trudnych czasach podążamy za jego przykładem."
"It happened by chance - or perhaps by divine will. During the nuclear war, a small church nearby was destroyed by fire. Only a statue of Saint Sylvester and a book about his life survived. Nothing else. I took it as a sign. That’s why his church stands here now.","Stało się to przez przypadek – a może za sprawą boskiej woli. Podczas wojny nuklearnej pobliski mały kościół spłonął. Ocalała tylko figura świętego Sylwestra i książka o jego życiu. Nic więcej. Uznałem to za znak. Dlatego jego kościół stoi tutaj."
"It’s Protestant by foundation, but everyone is welcome here - Orthodox, Catholic, or anyone seeking peace.","Z założenia jest protestancki, ale każdy jest tu mile widziany – prawosławni, katolicy czy po prostu ci, którzy szukają spokoju."
"May Saint Sylvester guide your steps through the wasteland. May your heart remain kind, your hand steady, and your soul untouched by the ashes of the old world.","Niech święty Sylwester prowadzi cię przez pustkowia. Niech twoje serce pozostanie dobre, ręka pewna, a dusza nietknięta przez popioły starego świata."
"This is Holt","To jest Holt"
"Don’t waste my time. Speak to Martin.","Nie trać mojego czasu. Porozmawiaj z Martinem."
"This is a damaged water","To jest uszkodzony"
"tank","zbiornik na wodę"
"This is Grant","To jest Grant"
"Welcome to Silverton. My name is Martin. I’m the founder of this settlement and the water supplier. If you need something, just say so.","Witaj w Silverton. Mam na imię Martin. Jestem założycielem tej osady i dostawcą wody. Jeśli czegoś potrzebujesz, po prostu powiedz."
"How’s business?","Jak idzie interes?"
"How did you manage to found Silverton?","Jak udało ci się założyć Silverton?"
"What are your plans for the future?","Jakie masz plany na przyszłość?"
"Any trouble in the village?","Są jakieś problemy w wiosce?"
"Catch you later.","Do zobaczenia."
"Didn’t think I’d see you again so soon.","Nie sądziłem, że tak szybko znowu cię zobaczę."
"Going really well. I supply water to several villages that don’t have a single well. Always on the lookout for new customers.","Idzie naprawdę dobrze. Dostarczam wodę do kilku wiosek, które nie mają ani jednej studni. Cały czas też szukam nowych klientów."
"The story starts in Clearwater, when I didn’t have a job. I found a water source south of Arkansas and started selling water to villages. I made enough to build the first buildings and rented them to traders. That’s how the settlement grew and people started coming.","Wszystko zaczęło się w Clearwater, kiedy nie miałem pracy. Znalazłem źródło wody na południu Arkansas i zacząłem sprzedawać wodę wioskom. Zarobiłem wystarczająco dużo, żeby zbudować pierwsze budynki i wynająłem je handlarzom. Tak osada zaczęła się rozwijać i zaczeli przybywać kolejni ludzie."
"I’d like to expand Silverton, bring in more people, and help those who need water. Maybe more buildings, more trade... We’ll see how it goes.","Chciałbym rozbudować Silverton, sprowadzić więcej ludzi i pomagać tym, którzy potrzebują wody. Więcej budynków, więcej handlu… Zobaczymy, jak to się potoczy."
"Yeah, we’ve got trouble with bandits from Texas. They come by often, wreck our goods and damage buildings. Life’s tough here, and the guards Baxton sent can’t handle them. Don’t even think about heading out there - their camp’s west of here and they’re real dangerous.","Tak, mamy problemy z bandytami z Teksasu. Często tu wpadają, niszczą nasze towary i uszkadzają budynki. Życie tutaj jest strasznie ciężkie. Strażnicy przysłani przez Baxtona nie radzą sobie z bandytami. Obóz bandytów jest na zachód stąd. Nawet nie myśl, żeby tam iść. Są naprawdę niebezpieczni."
"Yes, I have a job my employees refuse to do. I try to make a deal with the sentient zombies from the Little Rock ruins to the northeast. They disgust my people, so I need someone else. Can you help me with this?","Tak, mam zadanie, którego moi ludzie nie chcą się podjąć. Próbuję dogadać się z inteligentnymi zombie z ruin Little Rock na północnym wschodzie. Moi ludzie się ich brzydzą, więc potrzebuję kogoś innego do tego zadania. Możesz mi pomóc?"
"It's no problem for me to go to the zombies.","Nie ma problemu, mogę iść do zombie."
"No, I can't do it. I too am repulsed by zombies.","Nie, nie pójdę tam. Mnie też odrzucają zombie."
"I understand, I'll find someone else to take care of it. Thank you for your honesty.","Rozumiem, znajdę kogoś innego, kto się tym zajmie. Dzięki za szczerość."
"Alright, here’s the contract. You'll take it to their leader for a signature. They'll receive a barrel of water once a week. Bring me the signed contract, and you'll get $200 for it.","Dobrze, oto umowa. Zaniesiesz ją ich przywódcy do podpisania. Raz w tygodniu będą dostawać beczkę wody. Przynieś mi podpisaną umowę, a dostaniesz za to 200 dolarów."
"Where is Little Rock?","Gdzie jest Little Rock?"
"A few hours northeast from here. Be careful on the way. And remember, bring back the signed contract.","To kilka godzin na północny wschód stąd. Uważaj na siebie. I pamiętaj, żeby przynieść podpisaną umowę."
"This is a jerry can","To jest kanister"
"■ Jerry can","■ Kanister"
"Tadeusz Kosciuszko","Tadeusza Kościuszki"
"■ Banana","■ Banan"
"Welcome back! The Ratburgers are still sizzling - want one?","Witaj ponownie! Ratburgery wciąż są gorące. Chcesz jednego?"
"This is a roulette table","To jest stół do ruletki"
"This is Velma","To jest Velma"
"Problem with the Texas Bandits","Problem z bandytami z Teksasu"
"The problem with the bandits is solved. They won’t be raiding you anymore.","Problem z bandytami został rozwiązany. Nie będą już was napadać."
"Really? I don’t even know how to thank you… We’ve been living in fear for weeks, and the guards couldn’t do a thing. You did what no one else could. You’re a hero to this village. Here - 500 dollars. From all of us.","Naprawdę? Nawet nie wiem, jak ci podziękować… Od tygodni żyliśmy w strachu, a strażnicy nie mogli nic z tym zrobić. Zrobiłeś to, czego nikt inny nie potrafił. Jesteś dla nas bohaterem. Masz tutaj 500 dolarów. Od nas wszystkich."
"Martin sent me. He wants to sign a contract for the supply of clean water.","Martin mnie przysłał. Chce podpisać umowę na dostawy czystej wody."
"That’s very kind of him, but we zombies don’t need clean water. We drink dirty water and it doesn’t affect us. You can pass that on to Martin.","To bardzo miło z jego strony, ale my, zombie, nie potrzebujemy czystej wody. Pijemy brudną wodę i nic nam nie jest. Możesz przekazać to Martinowi."
"Maybe there’s something that could convince you?","Może jest coś, co mógłbym was przekonać?"
"I doubt it, but go on. I’m listening.","Wątpię, ale mów. Słucham."
"Water isn’t just for zombies, it’s also for wandering travelers.","Woda jest potrzebna nie tylko zombie, ale także wędrownym podróżnikom."
"I have no idea how to convince you.","Nie mam pojęcia, jak was przekonać."
"Alright. Go back to Martin or come back if you think of something sensible.","Dobrze. Wróć do Martina albo przyjdź, jak wymyślisz coś sensownego."
"People are afraid to come here. You’re the first person to show up in months. You didn’t convince me.","Ludzie boją się tu przychodzić. Jesteś pierwszą osobą, która pojawiła się tu od miesięcy. Nie przekonałeś mnie."
"I see you grow vegetables. They need clean water to grow properly and be good to eat.","Widzę, że uprawiasz warzywa. One potrzebują czystej wody, żeby dobrze rosnąć i potem nadawać się do zjedzenia."
"Hm. That’s a good argument. Fine. Show me the contract, I’ll sign it without hesitation.","Hm. To dobry argument. Dobrze. Pokaż mi umowę, podpiszę ją bez wahania."
"I’m back from Little Rock. Here’s the signed contract.","Wróciłem z Little Rock. Oto podpisana umowa."
"That’s great. I didn’t think anyone would manage to convince them. Here’s your payment, 200 dollars, just like we agreed.","Świetnie. Nie sądziłem, że komuś uda się ich przekonać. Oto twoja zapłata, 200 dolarów, tak jak się umówiliśmy."
"Dealer","Handlarz"
"Hey, stranger. Looking for some candy? You know, not the ordinary kind. The kind that helps you relax during these difficult times.","Hej, nieznajomy. Szukasz cukierków? Wiesz, nie takich zwykłych cukierków. Takich, które pomagają się odprężyć w tych trudnych czasach."
"What kind of candy are you selling back here?","Jakie cukierki tutaj sprzedajesz?"
"Where do you get your 'goods' from?","Skąd bierzesz swój „towar”?"
"See you around.","Do zobaczenia."
"You know, they're special candies. They help you relax and forget about your problems for a while. They have a special ingredient that makes life in the wasteland look a little more beautiful.","Wiesz, to wyjątkowe cukierki. Pomagają się odprężyć i na chwilę zapomnieć o problemach. Mają specjalny składnik, dzięki któremu życie na pustkowiach wydaje się trochę piękniejsze."
"Ooh, I can't tell you that. I never reveal the location of my supplier.","Ooo, tego nie mogę ci powiedzieć. Nigdy nie zdradzam miejsca, w którym zaopatruje się mój dostawca."
"I knew you'd be back.","Wiedziałem, że wrócisz."
"This is an utility trailer","To jest przyczepa"
"This is a corpse","To są zwłoki"
"This is a supply list","To jest lista zapasów"
"■ Supply List","■ Lista zapasów"
"FABRIC STOCK FOR HAWAIIAN SHIRTS
- COMPILED BY JED FROM SILVERTON

- 5 x rolls of tropical-print cotton poplin (multi-color)
- 3 x rolls of rayon challis with floral patterns (red, blue, green)
- 2 x rolls of light linen-blend fabric (solid pastel colors)
- 4 x rolls of printed polyester (bright beach themes)
- 2 x rolls of viscose with palm/leaves motifs (yellow and teal tones)
- 1 x roll of novelty fabric – flamingos, cocktails, etc. (mixed print)
- 3 x rolls of surplus fashion-industry cotton sateen (assorted colors)
- 2 x rolls of digitally printed fabric (sunset gradient, ocean scenes)","ZAPAS TKANIN NA HAWAJSKIE KOSZULE
- SPORZĄDZIŁ JED Z SILVERTON

- 5 x role bawełnianego popelinu z tropikalnym nadrukiem (wielokolorowy)
- 3 x role rayonowego challisu z kwiatowymi wzorami (czerwony, niebieski, zielony)
- 2 x role lekkiej tkaniny lnianej z domieszką (jednolite pastelowe kolory)
- 4 x role drukowanego poliestru (jasne motywy plażowe)
- 2 x role wiskozy z motywami palm/liści (żółte i turkusowe odcienie)
- 1 x rolka tkaniny z zabawnym nadrukiem – flamingi, koktajle itp. (mieszany wzór)
- 3 x role nadwyżkowej satyny bawełnianej z przemysłu odzieżowego (różne kolory)
- 2 x role tkaniny z nadrukiem cyfrowym (gradient zachodu słońca, widoki oceanu)"
"Welcome back to Jed’s Hawaiian Emporium! Need a fresh Hawaiian shirt, maybe?","Witaj ponownie w Jed’s Hawaiian Emporium! Może potrzebujesz nowej hawajskiej koszuli?"
"I found a fabric list on the bodies in a canyon near Pinehill. Your name is on it.","Znalazłem listę tkanin przy ciałach w kanionie niedaleko Pinehill. Jest na niej twoje imię."
"Damn it… I had a feeling something was wrong. Bandits must’ve gotten to them. Looks like I’ll need to find new suppliers. Here, take $120 for your trouble.","Cholera… Miałem przeczucie, że coś się stało. Musieli dopaść ich bandyci. Wygląda na to, że będę musiał znaleźć nowych dostawców. Masz tu 120 dolarów za pomoc."
"You don’t have enough","Nie masz wystarczająco"
"Strength to use this","dużo Siły, aby użyć tej"
"weapon!","broni!"
"This is a sauce","To jest sos"
"■ Spicy Oldtown Sauce","■ Ostry sos Oldtown"
"This is a couch","To jest kanapa"
"■ Lockpicking for Everyone","■ Lockpicking for Everyone"
"I found this spicy Mexican sauce. Might be useful?","Znalazłem ostry meksykański sos. Może ci się przyda?"
"You earn 170 EXP.","Zdobywasz 170 EXP."
"Well now! That’s exactly what I was after. Spicy Ratburgers are going on the menu. Good work. Like we agreed - here’s an M10 submachine gun and some ammo.","No proszę! Właśnie o coś takiego mi chodziło. Ostre Ratburgery trafią zaraz do mojego menu. Dobra robota. Tak jak się umawialiśmy – oto pistolet maszynowy M10 i trochę amunicji."
"This is a grill","To jest grill"
"This is a pure water","To jest czysta woda"
"■ Pure Water","■ Czysta woda"
"Check the road between Pinehill and Silverton. That’s likely where something happened. If you find any clues, come back to me right away.","Sprawdź drogę między Pinehill a Silverton. To pewnie tam się coś stało. Jeśli znajdziesz jakieś ślady, wróć do mnie od razu."
"Why do you care? Stay away from it.","A co cię to obchodzi? Trzymaj się od tego z daleka."
"Failed to extract any","Nie udało się odkręcić"
"parts","żadnych części"
"You removed the valve","Odkręciłeś zawór"
"I fixed the water tank.","Naprawiłem twój zbiornik na wodę."
"Well, look at that, you actually fixed it. The water’s running again, good job. That’s enough tasks for now. You’ve earned this. Here’s the key to the hatch nearby. Just don’t touch the crates with my crops in the first room, those are my trade goods.","O proszę, udało ci się to naprawić. Woda znowu płynie prawidłowo. Świetna robota. Dobra, wystarczy tych zadań. Zasłużyłeś na to. Masz tu klucz do tego włazu. Tylko nie ruszaj skrzyń z moimi plonami na początku bunkra. To towar przeznaczony na handel."
"This is a ladder","To jest drabina."
"This is a haystack","To jest stóg siana."
"This is a generator","To jest generator."
"President USA","Prezydenta USA"
"These metal doors are locked.","O! Drzwi są zamknięte."
"I need to find a way to open them.","Muszę znaleźć sposób, żeby je otworzyć."
"Find a way to open the metal door in the bunker","Znajdź sposób, żeby otworzyć metalowe drzwi w bunkrze."
"Bunker","Bunkier"
"You filled the canister","Napełniłeś kanister olejem"
"with diesel","napędowym."
"You don't have an empty","Nie posiadasz pustego"
"jerry can","kanistra."
"The generator is working","Generator działa."
"You don't have an Empty","Nie masz pustej kapsuły"
"Seed Capsule","na nasiona."
"You filled the capsule","Wypełniłeś kapsułę"
"with wheat","ziarnami pszenicy"
"This is a radiotelegraph","To jest radiotelegraf"
"Failed to open the door","Nie udało się zdalnie"
"remotely","otworzyć drzwi"
"(Required Technical: 8)","(Wymagana Technika: 8)"
"This is Wolf","To jest Wolf"
"Military Camp","Obóz wojskowy"
"Halt. You’re entering the camp, so you’d better not cause any trouble, I’m watching you.","Stój. Wchodzisz do obozu wojskowego, więc lepiej nie sprawiaj problemów. Mam cię na oku."
"What kind of military camp is this?","Co to za obóz wojskowy?"
"Is there anything I can do for you?","Mogę ci w czymś pomóc?"
"I should get going, bye.","Powinienem już iść. Na razie."
"This is General Rowan’s military camp. If you want more information, go to our commander, he’s standing by the map.","To obóz wojskowy generała Rowana. Jeśli chcesz dowiedzieć się czegoś więcej, idź do naszego dowódcy. Stoi przy mapie."
"The best thing you can do is stop busting my ass and move along, I’m busy defending the camp.","Najlepiej przestań zawracać mi głowę i idź dalej. Jestem zajęty obroną obozu."
"You again. Remember, I’ve got my eye on you, stranger, so don’t try anything.","Znowu ty. Pamiętaj, mam cię na oku, nieznajomy, więc lepiej niczego nie próbuj."
"Keeping watch.","Pilnuję obozu."
"The heat is killing me.","Ten upał mnie wykańcza."
"We should keep moving.","Powinniśmy iść dalej."
"I’m getting tired of this sand.","Mam już dość tego piasku."
"Welcome. I didn't expect to see a civilian out here. My name is Logan, I'm just a Private. If you need something, I'll do my best to help.","Witaj. Nie spodziewałem się tu cywila. Jestem szeregowiec Logan. Jeśli czegoś potrzebujesz, postaram się ci pomóc."
"I'm looking for General Rowan.","Szukam generała Rowana."
"What keeps a soldier busy out here?","Czym zajmuje się żołnierz na takim zadupiu?"
"You seem sad. Did something happen?","Wyglądasz na smutnego. Coś się stało?"
"Stay safe, soldier.","Trzymaj się, żołnierzu."
"General Rowan is standing by the map near the last tent at the end of the camp. You'll recognize him for sure.","Generał Rowan stoi przy mapie obok ostatniego namiotu na końcu obozu. Na pewno go rozpoznasz."
"Our job is pretty simple. We search for pre-war technology: computers, radio transmitters, microchips, and anything else that might still be useful. You'd be surprised how much of that stuff is still out there. Right now I've got a few days off, so I'm just guarding the supplies.","Nasza praca jest dość prosta. Szukamy technologii sprzed wojny: komputerów, nadajników radiowych, mikrochipów i wszystkiego, co może się jeszcze przydać. Zdziwiłbyś się, ile takich rzeczy wciąż można znaleźć. Teraz mam kilka dni wolnego, więc po prostu pilnuję zapasów."
"My friend Daniel set out a week ago to search for pre-war technology on the western edge of Arkansas. I'm worried something happened to him. Unfortunately, I can't go looking for him because I have to guard the supplies. If you find him, bring him back here.","Mój przyjaciel Daniel wyruszył tydzień temu na zachód Arkansas w poszukiwaniu technologii sprzed wojny. Martwię się, że coś mu się stało. Niestety nie mogę go szukać, bo muszę pilnować zapasów. Jeśli go znajdziesz, przyprowadź go tutaj."
"Do you know where Daniel might have gone?","Wiesz, dokąd Daniel mógł pójść?"
"He once mentioned an old radioactive waste dump. I hope he didn't go there. It's a very dangerous place. It's located west of Evergreen City, near the state border.","Wspominał kiedyś o starym składowisku odpadów radioaktywnych. Mam nadzieję, że tam nie poszedł. To bardzo niebezpieczne miejsce. Znajduje się na zachód od Evergreen City, niedaleko granicy stanu."
"Oh, it's you again. What brings you here this time?","O, to znowu ty. Co cię tym razem sprowadza?"
"This is Pvt. Logan","To jest szeregowy Logan"
"This is Pvt. Troy","To jest szeregowy Troy"
"This is Pvt. Dorian","To jest szeregowy Dorian"
"Oh, a new face. I'm Felix, the camp's gunsmith. I repair weapons for my fellow soldiers and sometimes add modifications. What do you need?","O, nowa twarz. Jestem Felix. Jestem rusznikarz w tym obozie. Naprawiam broń moim kolegom i czasem ją modyfikuję. Czego potrzebujesz?"
"How did you learn to repair weapons?","Jak nauczyłeś się naprawiać broń?"
"What kind of weapons do you work on?","Jaką bronią się zajmujesz?"
"Is there anything I can do to help you?","Mogę ci jakoś pomóc?"
"Goodbye, Felix.","Do widzenia, Felix."
"My father taught me when I was still a teenager. He was a gunsmith in the U.S. Army before the nuclear war. After he died, I joined the newly formed army. That's where I really learned the gunsmith's trade.","Ojciec nauczył mnie tego, gdy byłem jeszcze nastolatkiem. Przed wojną nuklearną był rusznikarzem w armii USA. Po jego śmierci dołączyłem do nowo utworzonej armii USA. Dopiero tam naprawdę nauczyłem się fachu rusznikarskiego."
"I mainly work on shotguns and machine guns. I rarely work on simple handguns.","Zajmuję się głównie strzelbami i karabinami maszynowymi. Rzadko pracuję przy zwykłych pistoletach."
"Yes. If you have any spare steel cans from food or water, you can bring them to me. I'll take as many as you can find. Steel is hard to come by in this region, and I need it to repair weapons. I'll pay you one dollar more per can than you'd get elsewhere. It'll be worth it.","Tak. Jeśli masz jakieś zbędne stalowe puszki po jedzeniu lub wodzie, możesz mi je przynieść. Wezmę tyle, ile znajdziesz. W tej okolicy trudno o stal, a potrzebuję jej do naprawy broni. Zapłacę ci za każdą puszkę o dolara więcej niż gdzie indziej. Opłaci ci się to."
"This is Pvt. Felix","To jest szeregowy Felix"
"This is a Health Pak","To jest HealthPak"
"■ HealthPak","■ HealthPak"
"Oh, you're back. What do you need this time?","O, wróciłeś. Czego tym razem potrzebujesz?"
"I brought you one can.","Przyniosłem ci jedną puszkę."
"I brought you two cans.","Przyniosłem ci dwie puszki."
"I brought you five cans.","Przyniosłem ci pięć puszek."
"Excellent. Here's your money. If you find any more cans, bring them to me.","Świetnie. Oto twoje pieniądze. Jeśli znajdziesz więcej puszek, przynieś je do mnie."
"This is a Gunsmith's","To jest stół"
"workbench","rusznikarski"
"This is an ammo metal box","To jest metalowa skrzynka"
"■ 5.56 mm ammunition x10","■ Amunicja 5,56 mm x10"
"This is Gen. Rowan","To jest gen. Rowan"
"This is a map stand","To jest stojak z mapę"
"General","Generał"
"Welcome. I’m General Rowan, commander of this camp. What brings you here?","Witaj. Jestem generał Rowan, dowódca tego obozu. Co cię tu sprowadza?"
"What exactly is this camp’s mission?","Na czym dokładnie polega misja tego obozu?"
"Who exactly do you serve?","Komu tak naprawdę służycie?"
"How long have you been stationed here?","Jak długo tutaj stacjonujecie?"
"That’s all, General. See you around.","To wszystko, generale. Do zobaczenia."
"Our mission is to secure pre-war technology and deliver it to President Vardell’s bunker, nothing more.","Naszą misją jest zabezpieczanie technologii sprzed wojny i dostarczanie jej do bunkra prezydenta Vardella. Nic więcej."
"We serve President Vardell, who lives with his administration in a bunker beneath the ruins of the White House, issuing all orders from there.","Służymy prezydentowi Vardellowi, który wraz ze swoim rządem mieszka w bunkrze pod ruinami Białego Domu i stamtąd wydaje wszystkie rozkazy."
"What happened to the pre-war president?","Co się stało z prezydentem sprzed wojny?"
"Only for about a month. We have food supplies for another three, so we’ll be staying here a while longer.","Przebywamy tutaj około miesiąc. Mamy zapasy jedzenia jeszcze na kolejne trzy miesiące, więc zostaniemy tu jeszcze jakiś czas."
"After the war, he was supposed to stay in a bunker in Arkansas, but he escaped. His name was Donald, though I don’t recall his last name. Our orders are to find him and transport him to Washington.","Po wojnie miał zostać w bunkrze w Arkansas, ale uciekł. Miał na imię Donald, nie pamiętam jego nazwiska. Mamy rozkaz go odnaleźć i przetransportować do Waszyngtonu."
"If you find any highly specialized pre-war device, bring it to us, it will always help us, and for a good find we can give you solid compensation.","Jeśli znajdziesz jakieś specjalistyczne urządzenie sprzed wojny, przynieś je do nas. Zawsze może się nam przydać, a za coś naprawdę cennego możemy ci dobrze zapłacić."
"Welcome back. Tell me what brought you here this time.","Witaj ponownie. Powiedz, co cię tym razem sprowadza."
"I found Daniel's body at the radioactive waste dump. Here's his dog tag.","Znalazłem ciało Daniela na składowisku odpadów radioaktywnych. Oto jego nieśmiertelnik."
"Oh no. That's exactly what I was afraid of. I'm really going to miss him. You must have been heavily irradiated searching for him. Here, take these two bottles of Rad Killer from our supplies. They'll definitely help.","O nie. Właśnie tego się obawiałem. Będzie mi go bardzo brakować. Pewnie bardzo się napromieniowałeś, szukając go. Masz, weź te dwie butelki Radkillera z naszych zapasów. Na pewno ci pomogą."
"I’m back from the military camp.","Wracam z obozu wojskowego."
"Good. Tell me what you found out.","Dobrze. Mów, czego się dowiedziałeś."
"The camp is securing pre-war technology and delivering it to the bunker of the new U.S. president, Vardell.","Obóz zabezpiecza przedwojenną technologię i dostarcza ją do bunkra nowego prezydenta USA, Vardella."
"That’s very interesting. I didn’t know that the authorities of the former United States still exist and that they have chosen a new president. Good work. This information is very valuable to us, so you’ll receive 200 dollars. That’s the standard payment for special assignments.","To bardzo ciekawe. Nie wiedziałem, że władze byłych Stanów Zjednoczonych wciąż istnieją i że wybrały sobie nowego prezydenta. Dobra robota. Te informacje są dla nas bardzo cenne, więc dostaniesz 200 dolarów. To standardowa zapłata za specjalne zlecenia."
"Yes, you can join now. Here's your jacket. You can also sleep in this room from now on. I already have a very interesting task for you.","Tak, możesz do nas dołączyć. Oto twoja kurtka. Od teraz możesz też spać w tym pokoju. Mam już dla ciebie bardzo ciekawe zadanie."
"What is this 'interesting' task?","Na czym polega to „ciekawe” zadanie?"
"Before I tell you, you have to promise me that you won't tell anyone about it, especially the U.S. soldiers at the camp. This is a secret mission. Do you promise?","Zanim ci o nim opowiem, musisz mi obiecać, że nikomu o nim nie powiesz, a w szczególności żołnierzom USA z obozu. To tajna misja. Obiecujesz?"
"I promise. What do you want me to do?","Obiecuję. Co mam zrobić?"
"Listen carefully. About a month ago, I read in a pre-war newspaper that oil had been discovered in Arkansas just a few months before the war. I want you to find that oil field, kill every mutant living there, and report back to me.","Słuchaj uważnie. Około miesiąca temu przeczytałem w przedwojennej gazecie, że kilka miesięcy przed wojną odkryto w Arkansas złoża ropy. Chcę, żebyś odnalazł to pole naftowe, zabił wszystkie żyjące tam mutanty i na koniec zdał mi raport."
"Do you know where exactly I should look for the oil field?","Wiesz, gdzie dokładnie powinienem szukać tego pola naftowego?"
"Why does the Republic need oil? You don't even have any cars.","Po co Republice ropa? Przecież nie macie samochodów."
"The newspaper didn't say exactly where it was. I think it mentioned somewhere near the border with Tennessee... or maybe Mississippi. I can't remember anymore. I threw the newspaper away. I'm sure you'll find it.","Gazeta nie podała dokładnej lokalizacji. Chyba wspominała o okolicach granicy z Tennessee... albo może Mississippi. Już nie pamiętam. Wyrzuciłem gazetę. Jestem pewien, że je znajdziesz."
"It's better to have oil than not have it. We could always sell it to the other former states. And who knows? Maybe one day we'll get a few old vehicles running again. Besides, we can refine it into diesel and use it to power generators.","Lepiej mieć ropę niż jej nie mieć. Zawsze możemy sprzedać ją innym byłym stanom. A kto wie? Może któregoś dnia uda nam się uruchomić kilka starych pojazdów. Poza tym możemy przerobić ją na olej napędowy i używać go do zasilania generatorów."
"This is a pump jack","To jest pompa naftowa"
"I did it! I found the oil field. It's clear now. There aren't any mutants left.","Udało się! Znalazłem to pole naftowe. Oczyściłem je. Nie ma tam już żadnych mutantów."
"That's very good news. Where exactly is the oil field?","To bardzo dobra wiadomość. Gdzie dokładnie znajduje się pole naftowe?"
"East of here. A few miles before the Tennessee border, right next to the highway.","Na wschód stąd. Kilka mil przed granicą z Tennessee, tuż przy autostradzie."
"You earn 1000 EXP.","Zdobywasz 1000 EXP."
"You did an excellent job. I'll send a few of our guys there right away to guard the site, and in a few months we'll begin extracting the oil. Here's your reward. You deserve these $500.","Świetna robota. Od razu wyślę tam kilku naszych ludzi, żeby pilnowali tego miejsca, a za kilka miesięcy zaczniemy wydobywać ropę. Oto twoja nagroda. Zasłużyłeś na te 500 dolarów."
"This is Vince","To jest Vince"
"Welcome. Enjoy the show.","Witaj. Miłej zabawy."
"Go right ahead.","Śmiało wejdź."
"Behave yourself in there.","Zachowuj się tam przyzwoicie."
"This is Stella","To jest Stella"
"This is Amber","To jest Amber"
"This is a bar stool","To jest stołek barowy"
"This is Trevor","To jest Trevor"
"Strip Club","Klub ze striptizem"
"Welcome, stranger. Welcome to my club. I'm Trevor. What can I get you?","Witaj w moim klubie, nieznajomy. Jestem Trevor. Co mogę ci podać?"
"What brings people to a place like this?","Co przyciąga ludzi do twojego klubu?"
"Are all the girls here okay?","Czy wszystkie dziewczyny są w porządku?"
"Thanks for everything, Trevor.","Dzięki za wszystko, Trevor."
"Welcome back, stranger. What can I get you this time?","Witaj ponownie, nieznajomy. Co tym razem podać?"
"I've got all kinds of liquor on the shelf. Beer, wine, Jager Lord, or James Dalton. I can get you anything you want, as long as you pay.","Mam na półce różne alkohole. Piwo, wino, Jager Lord oraz James Dalton. Mogę dać ci wszystko, czego chcesz, o ile mi zapłacisz."
"I'd say it's my beautiful dancers and their gorgeous bodies. Amber is dancing on stage, and that hot little thing Stella is sitting right behind you. They're the stars of this club.","Powiedziałbym, że moje piękne tancerki i ich wspaniałe ciała. Na scenie tańczy Amber, a za tobą siedzi ta gorąca Stella. To gwiazdy tego klubu."
"Of course they are. They're all adults. You think the President and the Black Eagles would let me run this club if they weren't? I don't think so.","Oczywiście, że tak. Wszystkie są pełnoletnie. Myślisz, że prezydent i Czarne Orły pozwoliliby mi prowadzić ten klub, gdyby było inaczej? Nie sądzę."
"Hey, handsome!","Hej, przystojniaku!"
"Want a kiss?","Chcesz buziaka?"
"Well, you're quite muscular.","Ale jesteś umięśniony."
"This is a tank wreck","To jest wrak czołgu"
"■ Log 2097","■ Dziennik 2097"
"2097-05-22
19:28 - Oklahoma / Arkansas border

We’ve reached the state line. The roads are torn apart, the ground covered in ash, and the air feels heavy, like before a storm. The Shermans crawl forward, but no one dares to stop - orders are orders.

The radiation meters are going crazy, their needles twitching without pattern. We can’t tell if it’s just interference or if we’ve already crossed into the fallout zone. Everyone keeps checking their hands, their faces - looking for the first signs. We don’t know if we’re already getting radiation sickness.

There’s a faint glow on the horizon to the east. That must be Little Rock - or what’s left of it.","2097-05-22
19:28 - granica Oklahomy i Arkansas

Dotarliśmy do granicy stanu. Drogi są zniszczone, ziemia pokryta popiołem, a powietrze ciężkie jak przed burzą. Shermany powoli jadą dalej, ale nikt nie odważa się zatrzymać – rozkaz to rozkaz.

Liczniki promieniowania wariują, a ich wskazówki drgają bez żadnego schematu. Nie wiemy, czy to tylko zakłócenia, czy już wjechaliśmy w strefę opadu radioaktywnego. Wszyscy ciągle sprawdzają dłonie i twarze, szukając pierwszych objawów. Nie wiemy, czy już dopada nas choroba popromienna.

Na wschodnim horyzoncie widać słabą poświatę. To musi być Little Rock – albo to, co z niego zostało."
"This is a steel can","To jest stalowa puszka"
"■ Steel Can","■ Stalowa puszka"
"This is a radiation sign","To jest znak"
"This is a nuclear bomb","To jest bomba atomowa"
"This is a milk can","To jest bańka z mlekiem"
"This is Buzz","To jest Buzz"
"Ranch","Ranczo"
"Hey. I’m Buzz. People rarely visit me out here in the wasteland. What brings you here?","Hej. Jestem Buzz. Mało kto mnie tu odwiedza. Co cię do mnie sprowadza?"
"What are you doing out here in the wasteland?","Co robisz tutaj na tym odludziu?"
"I see your farm belongs to the Arkansas Republic.","O. Widzę, że twoja farma należy do Republiki Arkansas."
"What’s that nuclear bomb doing in your yard?","Co ta bomba robi na twoim podwórku?"
"I have to go. Take care.","Muszę już iść. Trzymaj się."
"I live here and raise two cows I inherited from my father. 
I sell the milk I get from them to nearby villages of the Arkansas Republic. The cows are the only thing keeping me out here. Otherwise, I would’ve moved to one of the villages long ago.","Mieszkam tutaj i hoduję dwie krowy, które odziedziczyłem po moim ojcu. Sprzedaję ich mleko do pobliskich wiosek Republiki. Tylko dzięki tym krowom wciąż tu mieszkam, inaczej już dawno przeprowadziłbym się do jednej z wiosek."
"Good eye. I get some decent benefits from it. The Republic supplies me with cattle feed and drinking water, and in return I provide them with milk.","Dobrze zauważyłeś. Mam z tego całkiem dobre korzyści. Republika dostarcza mi paszę dla bydła i wodę pitną, a ja w zamian dostarczam im mleko."
"It’s an unexploded relic from the nuclear war. It was never activated and just buried itself in the ground. It’s nothing but trouble. Baxton won’t send a guard because he’s afraid it might explode someday. If someone could disarm it, I’d be forever grateful.","To niewybuch pozostały po wojnie nuklearnej. Nigdy nie został aktywowany i po prostu zagrzebał się w ziemi. Mam przez niego same kłopoty. Baxton nie chce wysłać mi strażnika, bo obawia się, że kiedyś to gówno wybuchnie. Gdyby ktoś mógł to rozbroić, byłbym mu dozgonnie wdzięczny."
"■ Milk Bottle","■ Butelka mleka"
"Welcome back. What brings you to me again?","Witaj ponownie. Co tym razem cię do mnie sprowadza?"
"This is a milk","To jest mleko"
"The bomb has been disarmed","Bomba została rozbrojona"
"You added a Nuclear","Dodano baterię"
"Battery","nuklearną"
"The bomb has been disarmed. You can rest easy now.","Rozbroiłem twoją bombę. Możesz już spać spokojnie."
"What a relief. I don’t even know how to thank you. Take these 300 dollars. Now I can send a letter to Baxton and have him send me a guard.","Co za ulga. Nawet nie wiem, jak ci dziękować. Weź te 300 dolarów w nagrodę. Teraz w końcu będę mógł wysłać list do Baxtona i poprosić go o przysłanie strażnika."
"You need an Integrate","Potrzebujesz układu"
"Circuit","scalonego."
"Here, Levi. Got that VIP Cola for you.","Patrz Levi. Przyniosłem ci VIP Colę."
"No way… You actually brought me one? I haven’t had this in so many years… I never thought I’d get to taste it again. I don’t have anything to give you, but damn… thank you. This means a lot.","Nie wierzę… Naprawdę mi ją przyniosłeś? Nie piłem jej od tylu lat… Nigdy nie myślałem, że jeszcze raz będę mógł jej spróbować. Nie mam ci nic do zaoferowania, ale cholera… dziękuję. Naprawdę wiele to dla mnie znaczy."
"Do you need anything else?","Potrzebujesz coś jeszcze?"
"If you’re asking… you could bring me another can of Vip Cola, but the Zero version. I remember there used to be one. I liked that one too.","Skoro pytasz… mógłbyś przynieść mi jeszcze jedną puszkę VIP Coli, ale w wersji Zero. Pamiętam, że kiedyś taka była. Też ją lubiłem."
"I managed to get it. I’ve got Vip Cola Zero for you.","Zobacz, co mam. Znalazłem dla ciebie VIP Colę Zero."
"Vip Cola Zero… you have no idea what this means to me. That taste reminds me of times when people still had choices, not just survival. Thank you. Truly.","VIP Cola Zero… Nawet nie wiesz, ile to dla mnie znaczy. Ten smak przypomina mi czasy, kiedy ludzie mieli jeszcze wybór, a nie tylko walczyli o przetrwanie. Dziękuję. Naprawdę."
"You don't have jerry","Nie masz kanistra z"
"can with gasoline.","benzyną."
"You opened the door","Udało ci się zdalnie"
"remotely!","otworzyć drzwi!"
"This is a billboard","To jest billboard."
"You removed the car","Wyjąłeś akumulator z"
"battery","samochodu."
"What the hell happened here?!","Co tu się, do diabła, stało?!"
"Investigate what happened at the military base","Sprawdź, co stało się w bazie wojskowej"
"Someone stole the Farm Restorer!","Ktoś ukradł Farm Restorer!"
"I have to tell Nixon about this.","Muszę przekazać to Nixonowi."
"The Farm Restorer is gone. The guard in front of the base is dead.","Ktoś ukradł Farm Restorera. Strażnik przed bazą został zabity."
"What?! That’s impossible! How do you know? Were you inside the base?","Co?! To niemożliwe! Skąd to wiesz? Byłeś w bazie?"
"I checked the base, the device wasn’t there. A dead US soldier was lying outside the entrance.","Byłem bazie, urządzenia tam nie było. Dodatkowo przed wejściem leżał martwy żołnierz USA."
"Then everything is clear… It must have been the soldiers from the military camp in southeastern Mississippi. Go there immediately, find out if they’re still there and recover the Farm Restorer.","W takim razie wszystko jasne… To musieli być żołnierze z obozu wojskowego, który znajduje się na południowy wschód stąd, w stanie Mississippi. Idź tam natychmiast, sprawdź, czy wciąż tam są, i odzyskaj Farm Restorer."
"Where is the camp you mentioned?","Gdzie jest ten obóz, o którym mówiłeś?"
"In the former state of Mississippi, southeast of here, near the border with the Republic of Arkansas. Prepare well, they may not want to give up the device without a fight.","Znajdziesz go w dawnym stanie Mississippi, na południowy wschód stąd, niedaleko granicy z Republiką Arkansas. Dobrze się przygotuj. Mogą nie chcieć oddać urządzenia bez walki."
"This is a water tower","To jest wieża ciśnień."
"This is a machete","To jest maczeta."
"■ Machete","■ Maczeta"
"This is a rails","To są tory kolejowe"
"This is a boxcar","To jest wagon towarowy"
"Find the Oil Fields and Eliminate the Mutants","Znajdź pola naftowe i wyeliminuj mutantów"
"General Rowan, I know where the oil fields in Arkansas are located.","Generale Rowan, wiem, gdzie są pola naftowe w Arkansas."
"Oil fields? Where are they, and how do you know about them?","Pola naftowe? Mów, gdzie one są i skąd o nich wiedziałeś?"
"They're near the border between Arkansas and Tennessee. Baxton told me about them, and I went there myself. I saw them with my own eyes.","Są przy granicy Arkansas i Tennessee. Baxton mi o nich powiedział, a ja je znalazłem. Widziałem je na własne oczy."
"That's very good news for the United States. Unfortunately, we don't have any oil specialists right now. We'll have to deal with it later. Here's $500 and a First Aid Kit. That's all I can give you right now. And one more thing: don't tell Baxton that you found the oil fields.","To bardzo dobra wiadomość dla USA. Niestety, nie mamy obecnie żadnych specjalistów od ropy. Więc zajmiemy się tym później. Oto 500 dolarów i apteczka. To wszystko, co mogę ci teraz dać. I jeszcze jedno: nie mów Baxtonowi, że znalazłeś pola naftowe."
"Recover the Farm Restorer","Odzyskaj Farm Restorera"
"Find the old president and ask him for the military base access card","Znajdź byłego prezydenta i poproś go o kartę dostępu do bazy wojskowej"
"Retrieve the president’s pocket watch from the scavengers","Odzyskaj kieszonkowy zegarek prezydenta od szabrowników"
"Enter and investigate the military base","Wejdź do bazy i zobacz, co się tam stało"
"Bring a Can of Coffee","Przynieś puszkę kawy"
"Inform the President that the Farm Restorer has been stolen","Poinformuj prezydenta, że Farm Restorer został skradziony"
"Kill the Soldiers Guarding the Vehicle and Repair the Vehicle","Zabij żołnierzy pilnujących pojazdu wojskowego i napraw go"
"Soldier missed.","Żołnierz chybił"
"Soldier got hit! Loses","Trafiłeś Żołnierza! Traci"
"Soldier dies.","Żołnierz ginie."
"The car has been repaired.","Pojazd został naprawiony"
"You need a map to know","Potrzebujesz mapy, żeby"
"where to go","wiedzieć, dokąd jechać"
"■ Old map of Arkansas","■ Stara mapa Arkansas"
"This is Soldier","To jest żołnierz"
"What...? Damn it... How did you find me?!","Co…? Cholera… Jak mnie tu znalazłeś?!"
"You left a map in your camp. It had this place marked on it. That was all I needed.","Zostawiłeś mapę w obozie. Jest na niej zaznaczone to miejsce. To mi wystarczyło."
"Damn... I knew I forgot something. I should've checked one more time to make sure I took everything.","Cholera… Wiedziałem, że o czymś zapomniałem. Powinienem jeszcze raz sprawdzić, czy na pewno wszystko zabrałem."
"It's over, Rowan. Hand over the Farm Restorer. I don't want to fight you.","To koniec, Rowan. Oddaj Farm Restorer. Nie mam zamiaru z tobą walczyć."
"No way. We need that machine far more than those Republic of Arkansas bandits. I'm not giving it to you. I'm taking it to the President's bunker in Washington.","Nie ma mowy. To my potrzebujemy tego urządzenia o wiele bardziej niż ci bandyci z Republiki Arkansas. Nie oddam ci go. Zabieram go do bunkra prezydenta w Waszyngtonie."
"No. The Farm Restorer stays here, where it belongs. It will serve the ordinary people of the wasteland.","Nie. Farm Restorer zostaje tutaj. Tu jest jego miejsce. Będzie służył zwykłym ludziom na pustkowiach."
"Then you'll have to kill me if you want it back.","W takim razie będziesz musiał mnie zabić, jeśli chcesz go odzyskać."
"If that's the only way... then let's fight.","Skoro nie ma innego wyjścia... to walczmy."
"Gen. Rowan got hit! Loses","Trafiłeś Rowana! Traci"
"CRITICAL HIT! Gen. Rowan","DOSTAŁ KRYTYKA! Rowan"
"Gen. Rowan missed.","Rowan chybił"
"Gen. Rowan dies.","Rowan ginie."
"CRITICAL HIT! Soldier","DOSTAŁ KRYTYKA! Żołnierz"
"<color=#FFB000>Level Up! New level: 6</color>","<color=#FFB000>Awans! Nowy poziom: 6</color>"
"I can’t take the Farm","Nie mogę zabrać Farm"
"Restorer. You need","Restorera. Potrzebujesz"
"a car battery.","akumulatora."
"Charging...","Ładowanie…"
"The Farm Restorer has","Farm Restorer został"
"been charged","naładowany."
"Restorer. You don’t have","Restorera. Nie masz"
"a capsule with wheat.","kapsuły z pszenicą"
"I recovered the Farm Restorer.","Odzyskałem Farm Restorera."
"That’s great news! We will finally be able to build large farms near Evergreen City, Pinehill and Silverton, and maybe someday even Clearwater. This will help eliminate the problem of malnutrition among the people of Arkansas. Thank you very much for this.","To wspaniała wiadomość! W końcu będziemy mogli tworzyć wielkie farmy w pobliżu Evergreen City, Pinehill i Silverton, a może kiedyś nawet w Clearwater. To pomoże nam rozwiązać problem głodu wśród mieszkańców Arkansas. Bardzo ci za to dziękuję."
"What about my reward?","A co z moją nagrodą?"
"Ah yes, I almost forgot. You can go get your girlfriend. The apartment is already waiting for you.","Ach tak, prawie zapomniałem. Możesz iść po swoją dziewczynę. Twój nowy dom już na ciebie czeka."
"A few months after Thomas obtained the Farm Restorer, vast fields of enriched wheat began to be created across the wastelands. New farms rose near Pinehill, Silverton, and Evergreen City, restoring life to the land and slowly easing the hunger that once plagued it.","Kilka miesięcy po tym, jak Thomas zdobył Farm Restorera, na pustkowiach zaczęły powstawać rozległe pola pełne pszenicy. Nowe farmy powstały w pobliżu Pinehill, Silverton i Evergreen City, przywracając ziemi życie i powoli zwalczając głód, który niegdyś nękał te tereny."
"Barnabas agreed to let Clearwater join the Republic of Arkansas. With this union, Clearwater began to flourish, and the Republic secured control over the entirety of the pre-war state of Arkansas.","Barnabas zgodził się, aby Clearwater dołączyło do Republiki Arkansas. Po tym przyłączeniu Clearwater zaczęło szybciej się rozwijać, a Republika przejęła kontrolę nad całym obszarem przedwojennego stanu Arkansas."
"Unfortunately, raiders from northern Texas remained a major threat to the Republic of Arkansas. They continued to plunder villages for food and supplies, leaving death and destruction in their wake.","Niestety, bandyci z północnego Teksasu nadal stanowili poważne zagrożenie dla Republiki Arkansas. Wciąż napadali na wioski w poszukiwaniu żywności i zapasów, pozostawiając za sobą śmierć i zniszczenie."
"Thomas and Patricia settled in a newly built home in the capital of the Republic. Together, they spent their days studying old, dust-covered books in the library. Together, they lived happily to a ripe old age.","Thomas i Patricia zamieszkali w nowo wybudowanym domu w stolicy Republiki. Razem spędzali dni, studiując stare, pokryte kurzem książki w bibliotece. Żyli razem szczęśliwie aż do późnej starości."
"The car is broken.","Pojazd jest zepsuty."
"You need a repair kit.","Użyj zestawu naprawczego."
"This is rat","To jest szczur"
"Rat got hit! Loses","Trafiłeś Szczura! Traci"
"Rat missed.","Szczur chybił"
"Rat dies.","Szczur ginie."
"You earn 30 EXP.","Zdobywasz 30 EXP."
"Why are your soldiers attacking me? I was working for you, in a way.","Dlaczego twoi żołnierze mnie zaatakowali? Poniekąd pracowałem dla was."
"The soldiers had one order: kill anyone who entered the camp after I left.","Moi żołnierze mieli tylko jeden rozkaz: zabić każdego, kto wejdzie do obozu po moim wyjeździe."
"I want to keep working for you. I want to help reunite the United States.","Chcę nadal dla ciebie pracować. Chcę, żeby Stany Zjednoczone znowu były jednym krajem."
"You mean that? We could use someone like you. Someone we can rely on. If you want, we'll take you to Washington in our helicopter. You'll meet the President there.","Naprawdę? Przydałby nam się ktoś taki jak ty. Ktoś, na kim możemy polegać. Jeśli chcesz, zabierzemy cię helikopterem do Waszyngtonu. Spotkasz tam Prezydenta."
"Yes. Let's go.","Tak. Lećmy."
"President Lyndon is waiting for you.","Prezydent Lyndon na ciebie czeka."
"President Lyndon is in his office.","Prezydent Lyndon jest w swoim gabinecie."
"I'm on duty. Move along.","Jestem na służbie. Proszę idź dalej."
"This is a conference table","To jest stół konferencyjny"
"President Abraham Lincoln","Prezydenta A. Lincolna"
"This is a painting","To jest obraz."
"This is Lyndon Vardell","To jest Lyndon Vardell"
"Washington","Waszyngton"
"Welcome, Thomas. My name is Lyndon Vardell. I am the rightful President of the United States. General Rowan told me you want to work for us. I believe that is a very wise decision.","Witaj, Thomas. Nazywam się Lyndon Vardell. Jestem prawowitym Prezydentem Stanów Zjednoczonych. Generał Rowan powiedział mi, że chcesz dla nas pracować. Uważam, że to bardzo mądra decyzja."
"What will I be doing now?","Co teraz będę robił?"
"We will send you to the state of Maryland. We have controlled this state for a long time. There, you will begin creating wheat fields using the Farm Restorer. I believe you can handle it. I know how well you managed things in Arkansas.","Wyślemy cię do stanu Maryland. Kontrolujemy ten stan od dawna. Tam będziesz tworzył pola uprawne pszenicy za pomocą Farm Restorera. Wierzę, że sobie poradzisz. Wiem, jak dobrze poradziłeś sobie w Arkansas."
"Okay. I can go there now. And what about my girlfriend? Is she still in Arkansas?","Dobrze. Mogę tam teraz pojechać. A co z moją dziewczyną? Nadal jest w Arkansas?"
"No. She is no longer in Arkansas. She is already in a farming village in Maryland. From today on, you will both live there. You will have good living conditions there, much better than in the canyon where you used to live.","Nie. Nie ma jej już w Arkansas. Jest teraz w wiosce rolniczej w Maryland. Od dziś będziecie tam mieszkać razem. Będziecie mieli tam dobre warunki do życia, znacznie lepsze niż w kanionie, w którym wcześniej mieszkaliście."
"May I ask what the current situation is? How is the reunification of the United States going?","Mogę wiedzieć, jaka jest obecna sytuacja? Jak idzie zjednoczenie Stanów Zjednoczonych?"
"And what about the oil fields in Arkansas?","A co ze złożami ropy naftowej w Arkansas?"
"When can I leave for Maryland?","Kiedy mogę pojechać do Maryland?"
"Thank you for the audience, Mr. President.","Dziękuję za audiencję, panie prezydencie."
"For now, we control the District of Columbia, Maryland, and Virginia. We also have military bases in several states, including Arizona, Ohio, and California. Our soldiers are searching for old pre-war technology. We will deal with taking control of individual states later.","Obecnie kontrolujemy Dystrykt Kolumbii, Maryland i Wirginię. Mamy też bazy wojskowe w kilku stanach, między innymi w Arizonie, Ohio i Kalifornii. Żołnierze stacjonujący w tych bazach mają jedno zadanie: odnaleźć starą technologię. O przejęciu poszczególnych stanów pomyślimy później."
"We will deal with that once we manage to take control of Arkansas. I also want to thank you for finding those oil fields. They will allow our reunited nation to develop much faster in the future.","Zajmiemy się tym, gdy uda nam się przejąć kontrolę nad Arkansas. Chcę też podziękować ci za odnalezienie tych pól naftowych. Dzięki nim nasz zjednoczony kraj będzie mógł w przyszłości rozwijać się znacznie szybciej."
"You can leave right away. A car is waiting for you outside the bunker.","Możesz jechać od razu. Przed bunkrem czeka na ciebie samochód."
"Thomas and Patricia moved from Arkansas to the state of Maryland. After a few months, the first wheat fields began to appear among the ruins of the state's cities. Soon after, hunger completely disappeared from the area.","Thomas i Patricia przeprowadzili się z Arkansas do stanu Maryland. Po kilku miesiącach wśród ruin miast tego stanu zaczęły pojawiać się pierwsze pola pszenicy. Wkrótce potem głód całkowicie zniknął z tego regionu."
"Over the following years, the U.S. Army, under the command of General Rowan, conquered most of the southeastern states of the former United States, reaching the borders of Texas and Oklahoma. Wheat farms began to appear throughout these territories, just as they had in Maryland.","W kolejnych latach armia USA, pod dowództwem generała Rowana, podbiła większość południowo-wschodnich stanów byłych Stanów Zjednoczonych, docierając do granic Teksasu i Oklahomy. Na tych terenach zaczęły pojawiać się farmy pszenicy, podobnie jak wcześniej w Maryland."
"After conquering the State of Arkansas, oil extraction began there. The United States began trading the oil with other countries, such as Canada and Mexico, in exchange for valuable and useful goods from those countries.","Po podbiciu stanu Arkansas rozpoczęto tam wydobycie ropy naftowej. Stany Zjednoczone zaczęły handlować ropą z innymi krajami, takimi jak Kanada i Meksyk, w zamian za cenne i potrzebne towary z tych państw."
"Unfortunately, raiders from northern Texas remained a major threat to the State of Arkansas. They continued to plunder villages for food and supplies, leaving death and destruction in their wake.","Niestety, bandyci z północnego Teksasu nadal stanowili poważne zagrożenie dla stanu Arkansas. Wciąż plądrowali wioski w poszukiwaniu żywności i zapasów, pozostawiając za sobą śmierć i zniszczenie."
"CRITICAL HIT! Rat","DOSTAŁ KRYTYKA! Szczur"
"Croupier","Krupier"
"Welcome to the Red Dragon Casino. Ready to spin the wheel? What’s your bet?
","Witaj w kasynie Red Dragon. Gotowy na grę? Co obstawiasz?"
"Black or red.","Czarne lub czerwone."
"Even or odd.","Parzyste lub nieparzyste."
"High or low numbers.","Wysokie lub niskie."
"Maybe another time.","Może innym razem."
"Very well… are you choosing black or red?","Dobrze… wybierasz czarne czy czerwone?"
"Black.","Czarne."
"Red.","Czerwone."
"Alright… and how much are you betting?","Dobrze… ile stawiasz?"
"5 dollars.","5 dolarów."
"10 dollars.","10 dolarów."
"20 dollars.","20 dolarów."
"25 dollars.","25 dolarów."
"Unfortunately, it's red - you lose your money.","Niestety, wypadło czerwone — tracisz swoje pieniądze."
"Congratulations! It's black — you win!","Gratulacje! Wypadło czarne — wygrywasz!"
"Unfortunately, it's green - you lose your money.","Niestety, wypadło zielone — tracisz swoje pieniądze."
"Unfortunately, it's black - you lose your money.","Niestety, wypadło czarne — tracisz swoje pieniądze."
"Congratulations! It's red — you win!","Gratulacje! Wypadło czerwone — wygrywasz!"
"Understood… even or odd?","Rozumiem… wybierasz parzyste czy nieparzyste?"
"Even","Parzyste."
"Odd.","Nieparzyste."
"Unfortunately, it's zero — you lose your money. Zero is neither even nor odd.","Niestety, wypadło zero — tracisz swoje pieniądze. Zero nie jest ani parzyste, ani nieparzyste."
"Unfortunately, it's odd — you lose your money.","Niestety, wypadło nieparzyste — tracisz swoje pieniądze."
"Congratulations! It's even — you win!","Gratulacje! Wypadło parzyste — wygrywasz!"
"Unfortunately, it's even — you lose your money.","Niestety, wypadło parzyste — tracisz swoje pieniądze."
"Congratulations! It's odd — you win!","Gratulacje! Wypadło nieparzyste — wygrywasz!"
"Low or high numbers? The choice is yours.","Niskie czy wysokie? Wybór należy do ciebie."
"Low.","Niskie."
"High.","Wysokie."
"Unfortunately, it's high — you lose your money.","Niestety, wypadła wysoka liczba — tracisz swoje pieniądze."
"Congratulations! It's low — you win!","Gratulacje! Wypadła niska liczba — wygrywasz!"
"Congratulations! It's high — you win!","Gratulacje! Wypadła wysoka liczba — wygrywasz!"
"Unfortunately, it's low — you lose your money.","Niestety, wypadła niska liczba — tracisz swoje pieniądze."
"You lost 5 dollars.","Straciłeś 5 dolarów."
"You won 10 dollars.","Wygrałeś 10 dolarów."
"Unfortunately, it's zero — you lose your money. Zero is neither low nor high.","Niestety, wypadło zero — tracisz swoje pieniądze. Zero nie jest ani niskie, ani wysokie."
"You don’t have enough money to place a bet. Come back later.","Nie masz wystarczająco dużo pieniędzy, żeby postawić zakład. Wróć później."
"K47 Assault Rifle","K47 Assault Rifle"
"The K47 Assault Rifle is a reliable automatic weapon, valued for its simplicity and durability. Chambered in 7.62x39 mm, it features a plastic stock, making it lighter and more practical than older models. Known for its effectiveness and ease of use.
Required Strength: 8","K47 to niezawodny karabin automatyczny, ceniony za prostotę i wytrzymałość. Używa amunicji 7,62×39 mm i ma plastikową kolbę, dzięki czemu jest lżejszy i bardziej praktyczny od starszych modeli. Jest skuteczny i łatwy w obsłudze.
Wymagana Siła: 8"
"9mm ammunition","Amunicja 9 mm"
"9mm ammunition is a popular type of cartridge used in pistols and submachine guns. It offers a good balance of power and control, ideal for civilian and service use. Typical bullets weigh 7-8 grams and are reliable at short to medium ranges.","Amunicja 9 mm to popularny rodzaj nabojów używanych w pistoletach i pistoletach maszynowych. Zapewnia dobry balans między siłą a kontrolą, dzięki czemu sprawdza się zarówno w broni cywilnej, jak i służbowej. Typowy pocisk waży 7–8 gramów i jest skuteczny na krótkim i średnim dystansie."
"7.62mm ammunition","Amunicja 7,62 mm"
"7.62mm ammunition is used in rifles, known for its penetrating power and effectiveness at medium to long ranges. Typical bullets weigh 8-10 grams.","Amunicja 7,62 mm jest używana w karabinach. Znana jest z dużej siły przebicia i skuteczności na średnim i dalekim dystansie. Typowy pocisk waży 8–10 gramów."
"Atomic Flakes","Atomic Flakes"
"Atomic Flakes are special breakfast flakes that were very popular before the nuclear war. They are super sweet and contain vitamin-rich nutrients, and consuming them instantly adds 30 HP, making them the perfect meal before tough challenges or after intense battles.","Atomic Flakes to płatki śniadaniowe, które były bardzo popularne przed wojną nuklearną. Są niezwykle słodkie i bogate w witaminy. Ich zjedzenie natychmiast dodaje 
30 HP, dzięki czemu świetnie nadają się przed trudnym wyzwaniem lub po ciężkiej walce."
"Banana","Banana"
"This is a regular banana that grows on a banana palm. Eating this banana adds 7 HP, making it perfect for a quick energy boost and strengthening.","Zwykły banan rosnący na palmie bananowej. Zjedzenie go dodaje 7 HP, zapewniając szybki zastrzyk energii."
"Bread","Chleb"
"Bread is a nourishing and popular staple, baked fresh with a golden crust. It provides essential carbohydrates and nutrients, restoring 25 HP and keeping you energized.","Pożywny i popularny chleb, świeżo upieczony i pokryty złocistą skórką. Dostarcza niezbędnych węglowodanów i składników odżywczych, przywracając 25 HP i dodając energii."
"Baked Beans","Fasolka po bretońsku"
"A pre-war can of baked beans, now hard to come by. Most remaining units are found in old bunker stockpiles. Filling and nutritious – restores 20 health points (HP)","Puszka fasolki po bretońsku sprzed wojny, dziś trudna do zdobycia. Większość zachowanych puszek znajduje się w starych zapasach bunkrów. Pożywna i sycąca – przywraca 20 HP."
"Cheese","Ser"
"Cheese is a pre-war delicacy with a rich, aged flavor that has survived from times before the great conflict. Eating this cheese adds 8 HP, making it a good source of energy.","Ser sprzed wojny o bogatym, dojrzałym smaku, który przetrwał od czasów przed wielkim konfliktem. Zjedzenie go dodaje 8 HP, zapewniając solidną dawkę energii."
"Dirty Water","Brudna woda"
"Dirty Water is contaminated water in a can that is irradiated. It adds 5 health points (HP) but also increases your radiation level. Use with caution!","Brudna woda w puszce, skażona i napromieniowana. Dodaje 5 HP, ale jednocześnie zwiększa poziom napromieniowania. Używaj ostrożnie!"
"Dollar","Dolar"
"The Dollar was the main currency before the nuclear war and is still in use. The most common bill is the 100-dollar note with President Kennedy, due to pre-war hyperinflation.","Dolar był główną walutą przed wojną nuklearną i nadal jest używany. Najczęściej spotykanym banknotem jest banknot 
100-dolarowy z prezydentem Kennedym, co było skutkiem przedwojennej hiperinflacji."
"HealthPak","HealthPak"
"HealthPak is a medicinal supplement containing essential vitamins, minerals, and herbal extracts to support overall health and well-being. It helps boost immunity, maintain daily nutritional balance, and adds 50 HP.","HealthPak to preparat zawierający niezbędne witaminy, minerały i ekstrakty ziołowe wspierające zdrowie. Wzmacnia odporność, uzupełnia składniki odżywcze i dodaje 50 HP."
"Knife","Nóż"
"The combat knife is a versatile tool designed for close-quarters combat. It features a sturdy construction and a high-quality steel blade. Its ergonomic handle ensures a secure grip, and the compact size allows for easy carrying and use in challenging conditions.
Required Strength: 1","Nóż bojowy to uniwersalne narzędzie przeznaczone do walki w zwarciu. Ma solidną konstrukcję i wysokiej jakości stalowe ostrze. Ergonomiczna rękojeść zapewnia pewny chwyt, a niewielkie rozmiary ułatwiają noszenie i używanie go w trudnych warunkach.
Wymagana Siła: 1"
"Kalumo Fruit","Kalumo Fruit"
"Kalumo Fruit is a mutated fruit shaped by radiation, covered in sharp outer spikes and rich in natural nutrients. Its unusually high vitamin C content helps restore 5 HP.","Kalumo Fruit to owoc zmutowany przez promieniowanie, pokryty ostrymi kolcami i bogaty w naturalne składniki odżywcze. Jego wyjątkowo wysoka zawartość witaminy C pomaga odzyskać 
5 HP."
"Pork Chop","Kotlet Schabowy"
"The Pork Chop is a piece of fried meat, breaded and cooked to perfection. It's a hearty and flavorful dish, rich in protein and essential nutrients, adding 20 HP to boost energy and health.","Kotlet Schabowy to kawałek smażonego mięsa, panierowany i usmażony na złoty kolor. To sycące i smaczne danie bogate w białko i składniki odżywcze, które dodaje 20 HP."
"Pure Water","Czysta woda"
"Pure Water is crystal-clear water in a convenient can that not only hydrates you but also adds 15 points to your health (HP). Perfect for quick recovery in any situation.","Czysta woda w wygodnej puszce, która nie tylko nawadnia organizm, ale także dodaje 
15 HP. Idealna na szybki powrót do sił w każdej sytuacji."
"Rad Killer","Rad Killer"
"Rad Killer, crafted with a special formula, effectively neutralizes radiation. These powerful tablets remove one level of radiation. Trust Rad Killer to safely cleanse your body.","Rad Killer, stworzony na bazie specjalnej formuły, skutecznie neutralizuje promieniowanie. Te silne tabletki usuwają jeden poziom napromieniowania. Rad Killer bezpiecznie oczyszcza organizm z promieniowania."
"Raw Meat","Surowe mięso"
"Raw meat is an unprocessed animal product rich in protein and nutrients. It is a fundamental ingredient in many dishes, requiring proper storage and preparation. Raw meat can be cooked in various ways, including roasting, frying, and boiling.","Surowe mięso to nieprzetworzony produkt zwierzęcy bogaty w białko i składniki odżywcze. Jest podstawowym składnikiem wielu potraw i wymaga odpowiedniego przechowywania oraz przygotowania. Można je piec, smażyć lub gotować."
"Rope","Lina"
"A rope is a practical item useful in various situations. Strong and durable, it's perfect for reaching hard-to-access areas where ladders or other tools aren't available. Handy for any adventure","Lina to praktyczny przedmiot przydatny w wielu sytuacjach. Mocna i wytrzymała, pozwala dostać się w trudno dostępne miejsca, gdy nie ma pod ręką drabiny ani innych narzędzi. Przyda się podczas każdej wyprawy."
"9mm Pistol","Pistolet 9 mm"
"A semi-automatic pistol chambered in 9mm ammunition. Durable and reliable, it offers solid accuracy and simple handling. For years, it has proven itself as a dependable sidearm in many situations.
Required Strength: 1","Półautomatyczny pistolet na amunicję 9 mm. Wytrzymały i niezawodny, zapewnia dobrą celność i prostą obsługę. Przez lata sprawdził się jako niezawodna broń boczna w wielu sytuacjach.
Wymagana Siła: 1"
"Sausage","Kiełbasa"
"Smoked sausage is a flavorful delicacy with a rich, smoky taste. Eating this sausage adds 13 HP, providing an extra boost of energy when it’s needed most.","Wędzona kiełbasa o intensywnym, dymnym smaku. Zjedzenie jej dodaje 13 HP, zapewniając dodatkowy zastrzyk energii, gdy jest najbardziej potrzebny."
"VIP Cola","VIP Cola"
"VIP Cola is a refreshing, non-alcoholic cola drink that not only tastes great but also adds 10 points to your health (HP). It's the perfect choice when you need a quick boost and a moment of refreshment.","VIP Cola to orzeźwiający, bezalkoholowy napój typu cola, który nie tylko świetnie smakuje, ale także dodaje 
10 HP. Idealny, gdy potrzebujesz szybkiego zastrzyku energii i chwili orzeźwienia."
"Wrench Tool","Klucz płaski"
"A wrench is an essential tool used for tightening and loosening bolts and nuts. Made of durable metal, it is perfect for repairs, assembly, and mechanical work. A wrench is a must-have in any toolbox.","Klucz płaski to podstawowe narzędzie służące do dokręcania i odkręcania śrub oraz nakrętek. Wykonany z wytrzymałego metalu, świetnie nadaje się do napraw, montażu i prac mechanicznych. Niezbędny w każdej skrzynce z narzędziami."
"Pre-war Chips","Chipsy"
"These crispy, fromage-flavored chips have survived the test of time. Surprisingly well-preserved, they restore 20 HP.","Chrupiące chipsy o serowym smaku, który dobrze przetrwał próbę czasu. Zaskakująco dobrze zachowane, przywracają 20 HP."
"Integrated Circuit","Układ scalony"
"A piece of pre-war semiconductor technology containing resistors, capacitors, and controllers. Essential for repairs and upgrades.","Element przedwojennej technologii półprzewodnikowej zawierający rezystory, kondensatory i układy sterujące. Niezbędny do napraw i ulepszeń."
"Supply Pack","Paczka z zapasami"
"A sturdy pack filled with various essential resources. It was found at the old gas station.","Wytrzymała paczka wypełniona różnymi niezbędnymi zapasami. Znaleziona na starej stacji benzynowej."
"Sandy Cactus Blossom","Kwiat kaktusa"
"A flower that grows on large desert cacti. It can be found growing among their spines in canyon regions. Known for its medicinal properties. It’s used to create HealthPaks.","Kwiat rosnący na dużych pustynnych kaktusach. Można go znaleźć między kolcami w kanionach. Znany ze swoich właściwości leczniczych. Używa się go do tworzenia HealthPaków."
"Repair Kit","Zestaw naprawczy"
"A universal repair kit designed for quick and effective damage fixes. Includes essential tools and materials to restore your gear in the field. Perfect for travelers, mechanics, and survivalists in harsh conditions.","Uniwersalny zestaw naprawczy przeznaczony do szybkiego i skutecznego usuwania uszkodzeń. Zawiera niezbędne narzędzia i materiały do naprawy wyposażenia w terenie. Idealny dla podróżników, mechaników i ludzi walczących o przetrwanie w trudnych warunkach."
"Beer","Piwo"
"Buffalo is a pre-war beer brewed in Arkansas. An amber drink with a rich taste and hoppy aroma that has survived the decades. For survivors, it’s more than just alcohol - it’s a taste of the old world. Restores 3 health points.","Buffalo to piwo sprzed wojny warzone w Arkansas. Bursztynowy napój o bogatym smaku i chmielowym aromacie przetrwał dziesięciolecia. Dla ocalałych to coś więcej niż alkohol – to smak dawnego świata. Przywraca 3 HP."
"Wine","Wino"
"A pre-war red wine from an era of prosperity. Rich in flavor and aroma, it is a rare luxury in the post-apocalyptic world. A full bottle of this drink restores 15 health points.","Czerwone wino sprzed wojny z czasów dobrobytu. Bogate w smaku i aromacie, jest rzadkim luksusem w postapokaliptycznym świecie. Pełna butelka przywraca 15 HP."
"James Dalton","James Dalton"
"James Dalton is a pre-war whiskey, known for its strength and deep, smoky flavor. Once a favorite among the elite, now a rare relic of the past. A single sip brings warmth, while a full bottle restores 10 health points","James Dalton to whiskey sprzed wojny, znana ze swojej mocy i głębokiego, dymnego smaku. Kiedyś ulubiona przez elitę, dziś jest rzadką pamiątką przeszłości. Jeden łyk rozgrzewa, a pełna butelka przywraca 10 HP."
"Jager Lord","Jager Lord"
"A rare pre-war herbal liqueur with a strong taste and rich aroma. Favored by post-war elites as a symbol of old-world luxury. Restores 2 HP, providing a small warmth in tough times.","Rzadki ziołowy likier sprzed wojny o mocnym smaku i bogatym aromacie. Ceniony przez powojenną elitę jako symbol luksusu dawnego świata. Przywraca 2 HP, zapewniając odrobinę ciepła w trudnych czasach."
"Watering Can","Konewka"
"This makeshift watering can was handcrafted from a pre-war barrel, welded and repurposed for watering plants in harsh conditions. Heavy and clunky, but it gets the job done where better tools are scarce. Rust marks and uneven welds tell the story of its rough, post-apocalyptic origins.","Ta prowizoryczna konewka została wykonana ze starej beczki sprzed wojny, zespawanej i przerobionej do podlewania roślin w trudnych warunkach. Ciężka i nieporęczna, ale spełnia swoje zadanie tam, gdzie brakuje lepszych narzędzi. Ślady rdzy i nierówne spawy opowiadają historię jej powstania w trudnych czasach po wojnie."
"Radio Transmitter","Nadajnik radiowy"
"A compact military radio transmitter designed for quick field communication. Weather-resistant, but with a limited range.","Kompaktowy wojskowy nadajnik radiowy przeznaczony do szybkiej komunikacji w terenie. Odporny na warunki pogodowe, ale ma ograniczony zasięg."
"Library key","Klucz do biblioteki"
"An old metal key to the Evergreen City public library. Worn from years of use, it may still grant access to knowledge from before civilization fell.","Stary metalowy klucz do biblioteki publicznej w Evergreen City. Zużyty przez lata użytkowania, wciąż może zapewnić dostęp do wiedzy sprzed upadku cywilizacji."
"12 GA shells","Naboje 12 GA"
"12 GA shells, commonly used in shotguns. Versatile and deadly at close range, perfect for hunting… or survival in dangerous times.","Naboje 12 GA, powszechnie używane w strzelbach. Uniwersalne i zabójcze na krótkim dystansie, idealne do polowania… albo przetrwania w niebezpiecznych czasach."
"Shotgun","Strzelba"
"Shotgun is a classic firearm known for its power and reliability. It uses 12 GA ammunition, features a simple design with a durable plastic stock, and is widely used for hunting and self-defense.
Required Strength: 10","Strzelba to klasyczna broń palna znana ze swojej siły i niezawodności. Używa amunicji 12 GA, ma prostą konstrukcję i wytrzymałą plastikową kolbę. Jest szeroko używana do polowania i samoobrony.
Wymagana Siła: 10"
"M10 Submachine Gun","Pistolet maszynowy M10"
"The M10 Submachine Gun is a compact weapon known for its high rate of fire and simple design. It uses 9 mm ammunition, is lightweight, easy to operate, and effective in close-quarters combat.
Required Strength: 5","Pistolet maszynowy M10 to kompaktowa broń znana z dużej szybkostrzelności i prostej konstrukcji. Używa amunicji 9 mm, jest lekki, łatwy w obsłudze i skuteczny w walce na bliskim dystansie.
Wymagana Siła: 5"
".44 Magnum Ammunition","Amunicja .44 Magnum"
".44 Magnum Ammunition is a powerful round primarily used in revolvers. Known for its high penetration and stopping power, it is effective in both combat and hunting situations.","Amunicja .44 Magnum to potężne naboje używane głównie w rewolwerach. Znane z dużej penetracji i siły obalającej, sprawdzają się zarówno w walce, jak i podczas polowania."
"Revolver","Rewolwer"
"The Revolver is a powerful firearm chambered in .44 Magnum, perfect for precise shooting at medium and close range. Its robust design and long barrel ensure great accuracy, while its durability makes it reliable even in the harshest conditions.
Required Strength: 1","Rewolwer to potężna broń na amunicję .44 Magnum, idealna do precyzyjnego strzelania na średnim i krótkim dystansie. Solidna konstrukcja i długa lufa zapewniają dużą celność, a wytrzymałość pozwala mu działać nawet w najcięższych warunkach.
Wymagana Siła: 1"
"Baseball Bat","Bejsbolowy kij"
"A regular baseball bat with embedded nails. Despite its intimidating look, it doesn’t deal much damage but can still be useful in close combat. A simple, makeshift weapon for those with no better options.
Required Strength: 2","Zwykły kij bejsbolowy z wbitymi gwoździami. Mimo groźnego wyglądu nie zadaje dużych obrażeń, ale może być przydatny w walce wręcz. Prosta, prowizoryczna broń dla tych, którzy nie mają lepszej opcji.
Wymagana Siła: 2"
"Crowbar","Łom"
"A sturdy metal crowbar, useful for prying open doors and engaging in close combat. While not the most effective weapon, its durability ensures it will never let you down.
Required Strength: 3","Solidny metalowy łom, przydatny do wyważania drzwi i walki wręcz. Nie jest najskuteczniejszą bronią, ale jego wytrzymałość sprawia, że nigdy cię nie zawiedzie.
Wymagana Siła: 3"
"Machete","Maczeta"
"A sharp and durable machete, excellent for close combat. Its well-balanced blade allows for fast and effective strikes, making it a reliable weapon in melee encounters.
Required Strength: 4","Ostra i wytrzymała maczeta, doskonała do walki wręcz. Dobrze wyważone ostrze pozwala na szybkie i skuteczne ciosy, dzięki czemu jest niezawodną bronią w walce na bliskim dystansie.
Wymagana Siła: 4"
"Passport","Paszport"
"A passport of the Arkansas Republic issued for free people without citizenship, granting entry to its capital, Evergreen City. It must be given to the guard at the main entrance to gain access to the city.","Paszport Republiki Arkansas wydawany wolnym ludziom bez obywatelstwa, pozwalający na wjazd do jej stolicy, Evergreen City. Należy przekazać go strażnikowi przy głównym wejściu, aby uzyskać dostęp do miasta."
"Carrot","Marchew"
"A simple yet nutritious carrot. It restores 8 HP, making it an easy but effective way to regain some strength quickly.","Prosta, ale pożywna marchew. Przywraca 8 HP, pozwalając szybko odzyskać trochę sił."
"Flour Sack","Worek mąki"
"A Flour Sack filled with flour made from corn grown in Evergreen City. A key ingredient for bread, valuable in a world where food is scarce.","Worek z mąką wyprodukowaną z kukurydzy uprawianej w Evergreen City. To podstawowy składnik chleba, cenny w świecie, w którym żywności brakuje."
"Tomato","Pomidor"
"A fresh, juicy tomato packed with nutrients. A simple yet effective way to regain strength. Restores 7 HP.","Świeży, soczysty pomidor pełen składników odżywczych. Prosty, ale skuteczny sposób na odzyskanie sił. Przywraca 7 HP."
"Salami","Salami"
"Dried beef salami made by Roy. Tasty, nutritious, and perfect as a pizza topping. A real delicacy in the post-apocalyptic world.","Suszone wołowe salami przygotowane przez Roya. Smaczne, pożywne i idealne jako dodatek do pizzy. Prawdziwy przysmak w postapokaliptycznym świecie."
"Pizza","Pizza"
"A prototype pizza made especially for Jonas. Crafted from handmade corn flour dough, tomato sauce, cheese, and Roy’s salami. For a post-war pizza, it looks absolutely delicious and tempting to eat.","Pizza przygotowana specjalnie dla Jonasa. Zrobiona z domowego ciasta z mąki kukurydzianej, sosu pomidorowego, sera i salami od Roya. Jak na pizzę z czasów po wojnie, wygląda wyjątkowo apetycznie."
"Slice of pizza","Kawałek pizzy"
"A slice of Jonas' Pizza, made with corn flour dough, tomato sauce, cheese, and Roy’s salami. For a post-war meal, it looks absolutely delicious and hard to resist. Restores 12 HP.","Kawałek pizzy Jonasa z ciasta z mąki kukurydzianej, sosu pomidorowego, sera i salami od Roya. Jak na powojenny posiłek, wygląda wyjątkowo apetycznie i trudno się jej oprzeć. Przywraca 12 HP."
"Gym Poster","Plakat siłowni"
"A newly made poster promoting the Pinehill Gym, opened after the war by Thomas Gimson. It features a boxer striking a punching bag. Printed on worn-out paper, it bears the marks of the harsh conditions in which it was created.","Nowy plakat promujący siłownię w Pinehill, otwartą po wojnie przez Thomasa Gimsona. Przedstawia boksera uderzającego w worek treningowy. Wydrukowany na zniszczonym papierze nosi ślady trudnych warunków, w których powstał."
"Floppy Disk","Dyskietka"
"An empty 3.5” floppy disk, containing no data. It can be used for storing information if you can find a working computer to write on it.","Pusta dyskietka 3,5 cala, nie zawiera żadnych danych. Można na niej przechowywać informacje, jeśli znajdziesz sprawny komputer, na którym da się ją zapisać."
"Supply List Floppy Disk","Dyskietka z listą zapasów"
"A floppy disk containing a supply list needed for the village of Pinehill, written by Mark from Pinehill. The document is addressed to President Nixon of Evergreen City and outlines essential provisions required for the settlement’s survival.","Dyskietka zawierająca listę zapasów potrzebnych w wiosce Pinehill, sporządzoną przez Marka z Pinehill. Dokument jest adresowany do prezydenta Nixona z Evergreen City i zawiera listę niezbędnych zapasów potrzebnych do przetrwania osady."
"Jerry can","Kanister"
"A pre-war jerry can, currently empty. Made of durable metal, it can store various types of fuel—from gasoline to diesel. Despite its age, it’s still functional and ready for use.","Przedwojenny kanister, obecnie pusty. Wykonany z wytrzymałego metalu, może przechowywać różne rodzaje paliwa – od benzyny po olej napędowy. Mimo wieku nadal działa i jest gotowy do użycia."
"Jerry Can with Gasoline","Kanister z benzyną"
"A pre-war jerry can filled with gasoline. Its sturdy metal build allows for safe storage and transport of fuel in harsh conditions. Essential for travel or powering machines.","Przedwojenny kanister wypełniony benzyną. Solidna metalowa konstrukcja pozwala bezpiecznie przechowywać i transportować paliwo w trudnych warunkach. Niezbędny podczas podróży lub do zasilania maszyn."
"Fish","Ryba"
"A fresh fish, caught by local fishermen from a contaminated lake. Restores 2 HP, but due to radiation, it's best not to eat it raw.","Świeża ryba złowiona przez miejscowych rybaków w skażonym jeziorze. Przywraca 2 HP, ale ze względu na promieniowanie lepiej nie jeść jej na surowo."
"VIP Cola Zero","VIP Cola Zero"
"VIP Cola Zero is the sugar-free version of the classic VIP Cola. It keeps the same refreshing taste without any sugar. Restores 11 health points (HP) and is perfect when you need a quick energy boost without the calories.","VIP Cola Zero to bezcukrowa wersja klasycznej VIP Coli. Zachowuje ten sam orzeźwiający smak, ale nie zawiera cukru. Przywraca 11 HP i świetnie nadaje się, gdy potrzebujesz szybkiego zastrzyku energii bez dodatkowych kalorii."
"Hamburger","Hamburger"
"A hamburger made from real beef sourced from Evergreen City ranches. It includes a real tomato and desert plants used in place of lettuce. Purchased at a restaurant in Silverton. Restores 15 health points (HP).","Hamburger z prawdziwej wołowiny pochodzącej z rancz w Evergreen City. Zawiera prawdziwego pomidora i pustynne rośliny używane zamiast sałaty. Kupiony w restauracji w Silverton. Przywraca 15 HP."
"Ratburger","Ratburger"
"A hamburger made with rat meat, prepared using the same ingredients as the regular one - including a real tomato and desert plants instead of lettuce. The meat comes from local hunts, and the burger is sold at Benny’s stall in Silverton. Restores 13 health points (HP).","Hamburger z mięsa szczura, przygotowany z tych samych składników co zwykły hamburger, w tym prawdziwego pomidora i pustynnych roślin zamiast sałaty. Mięso pochodzi z lokalnych polowań, a burger jest sprzedawany na stoisku Benny’ego w Silverton. Przywraca 13 HP."
"Rad Killer Duo","Rad Killer Duo"
"Rad Killer Duo is an enhanced version of the classic anti-radiation treatment. With its powerful, double-concentrated formula, it removes up to two levels of radiation. Developed by Dr. Harlan - an experienced physician from Silverton - this remedy ensures effective and safe purification of the body.","Rad Killer Duo to ulepszona wersja klasycznego środka przeciw promieniowaniu. Dzięki mocnej, podwójnie skoncentrowanej formule usuwa do dwóch poziomów napromieniowania. Opracowany przez doktora Harlana, doświadczonego lekarza z Silverton, zapewnia skuteczne i bezpieczne oczyszczenie organizmu."
"Water Contract","Kontrakt na wodę"
"Water Contract is a contract between Silverton and Little Rock regarding water supply. Under the agreement, Silverton will deliver one barrel of drinking water per week to Little Rock. The contract has not been signed.","Umowa pomiędzy Silverton a Little Rock dotycząca dostaw wody. Zgodnie z umową Silverton będzie dostarczać do Little Rock jedną beczkę wody pitnej tygodniowo. Kontrakt nie został podpisany."
"Water Contract is a contract between Silverton and Little Rock regarding water supply. Under the agreement, Silverton will deliver one barrel of drinking water per week to Little Rock. The document has been signed by the leader of Little Rock.","Umowa pomiędzy Silverton a Little Rock dotycząca dostaw wody. Zgodnie z umową Silverton będzie dostarczać do Little Rock jedną beczkę wody pitnej tygodniowo. Dokument został podpisany przez przywódcę Little Rock."
"Encyclopedia of Medicine","Encyklopedia medycyny"
"Encyclopedia of Medicine is a British pre-war publication released before the atomic conflict. It contains descriptions of diseases, injuries, and treatments, as well as practical instructions - how to bandage a wound, which medications to use, and what to do if you're bitten by a zombie.","Encyklopedia medycyny to brytyjska publikacja sprzed wojny, wydana przed konfliktem atomowym. Zawiera opisy chorób, obrażeń i metod leczenia, a także praktyczne instrukcje – jak zabandażować ranę, jakich leków używać i co zrobić po ugryzieniu przez zombie."
"Supply List","Lista zapasów"
"Supply List is a note found on the bodies of Jed's fabric suppliers from Silverton. It contains a list of required fabrics, likely intended for further processing.","Notatka znaleziona przy ciałach dostawców tkanin Jeda z Silverton. Zawiera listę potrzebnych tkanin, prawdopodobnie przeznaczonych do dalszej obróbki."
"Spicy Oldtown Sauce","Pikantny sos Oldtown"
"Spicy Oldtown Sauce is a pre-war hot sauce from Mexico. Though it's from another era, it still packs a fiery punch.","Pikantny sos Oldtown to ostry sos z Meksyku sprzed wojny. Choć pochodzi z innej epoki, nadal potrafi nieźle wypalić język."
"Spicy Ratburger","Pikantny Ratburger"
"A hamburger made with rat meat, prepared using the same ingredients as the regular one - including a real tomato and desert plants instead of lettuce. The meat comes from local hunts, and the burger is sold at Benny’s stall in Silverton. This version includes a spicy sauce. Restores 13 health points (HP).","Hamburger z mięsa szczura, przygotowany z tych samych składników co zwykły hamburger, w tym prawdziwego pomidora i pustynnych roślin zamiast sałaty. Mięso pochodzi z lokalnych polowań, a burger jest sprzedawany na stoisku Benny’ego w Silverton. Ta wersja zawiera pikantny sos. Przywraca 13 HP."
"Encyclopedia of Knowledge","Encyklopedia wiedzy"
"Encyclopedia of Knowledge is a pre-war publication containing extensive information on various fields of science and life. After reading, it grants a permanent +1 boost to technical.","Encyklopedia wiedzy to publikacja sprzed wojny zawierająca obszerną wiedzę z różnych dziedzin nauki i życia. Po przeczytaniu zapewnia stały bonus +1 do Techniki."
"Nixon’s Floppy Disk","Dyskietka Nixona"
"A floppy disk containing an official cooperation proposal from President Nixon to the leader of Clearwater.","Dyskietka zawierająca oficjalną propozycję współpracy od prezydenta Nixona dla przywódcy Clearwater."
"The U.S. Base Guide","Przewodnik po bazach wojskowych USA"
"A pre-war book listing the locations of military bases across the United States. Includes brief descriptions of each facility, but avoids detailed information - after all, the enemy might have been watching.","Książka sprzed wojny zawierająca lokalizacje baz wojskowych w całych Stanach Zjednoczonych. Zawiera krótkie opisy każdej placówki, ale bez szczegółowych informacji – w końcu wróg mógł obserwować."
"Elwood Annex Log","Dziennik z Elwood Annex"
"A functioning floppy disk found at the entrance to Elwood military base. Contains the personal log of a colonel from the first days after the nuclear strike in 2097. Files are unencrypted. Includes an entry detailing a rescue mission to Little Rock.","Sprawna dyskietka znaleziona przy wejściu do bazy wojskowej Elwood. Zawiera osobisty dziennik pułkownika z pierwszych dni po ataku nuklearnym w 2097 roku. Pliki nie są zaszyfrowane. Jeden z wpisów opisuje misję ratunkową w Little Rock."
"Candy","Cukierki"
"Post-war candies with a red and white color pattern, resembling children's sweets. In reality, they contain a trace of marijuana, which may cause hallucinations in more sensitive individuals. They also provide temporary protection against radiation while exploring irradiated areas.","Powojenne cukierki w czerwono-białym kolorze, przypominające słodycze dla dzieci. W rzeczywistości zawierają śladowe ilości marihuany, która u bardziej wrażliwych osób może powodować halucynacje. Zapewniają również tymczasową ochronę przed promieniowaniem podczas eksploracji napromieniowanych obszarów."
"Cabbage","Kapusta"
"A fresh head of cabbage, tasty and nutritious, perfect for various meals. Restores 10 health points (HP).","Świeża główka kapusty, smaczna i pożywna, idealna do różnych potraw. Przywraca 10 HP."
"Soup","Zupa"
"Soup served at the canteen in the zombie village near the ruins of Little Rock. A simple broth that restores 5 health points (HP). Its strange aftertaste suggests it might be slightly radioactive.","Zupa serwowana w stołówce w wiosce zombie niedaleko ruin Little Rock. Prosty wywar, który przywraca 5 HP. Dziwny posmak sugeruje, że może być lekko radioaktywny."
"VHS Tape","Kaseta VHS"
"A VHS tape featuring a classic western movie. It has withstood the test of time and remains in good condition, ready to be played on the right equipment. Perfect for fans of old tales of cowboys and lawlessness.","Kaseta VHS z klasycznym westernem. Przetrwała próbę czasu i nadal jest w dobrym stanie, gotowa do odtworzenia na odpowiednim sprzęcie. Idealna dla fanów starych opowieści o kowbojach i bezprawiu."
"Pocket Watch","Kieszonkowy zegarek"
"An old, gold pocket watch that still ticks after all these years. Engraved on the back are the words: “President of the USA”","Stary, złoty zegarek kieszonkowy, który po tylu latach nadal tyka. Z tyłu wygrawerowano napis: „Prezydent USA”."
"Access Card - Level A","Karta dostępu – poziom A"
"A Level A electronic access card, the lowest clearance level, granting access to the outer doors of the Elwood Research Annex military base. Despite its age, it still works.","Elektroniczna karta dostępu poziomu A, najniższego poziomu uprawnień, umożliwiająca dostęp do zewnętrznych drzwi bazy wojskowej Elwood Research Annex. Mimo wieku nadal działa."
"Harley’s Chocolate","Czekolada Harleya"
"A pre-war Harley’s chocolate bar, still retaining its flavor after all these years. A simple and affordable way to regain strength – restores 25 health points (HP).","Przedwojenna tabliczka czekolady Harley’s, która po tylu latach nadal zachowała swój smak. Prosty i tani sposób na odzyskanie sił – przywraca 
25 HP."
"Access Card - Level B","Karta dostępu – poziom B"
"A Level B electronic access card, granting entry through the inner doors leading to the storage area and IT lab of the Elwood Research Annex military base. Despite its age, it still functions.","Elektroniczna karta dostępu poziomu B, umożliwiająca wejście przez wewnętrzne drzwi prowadzące do magazynu i laboratorium IT w bazie wojskowej Elwood Research Annex. Mimo wieku nadal działa."
"Access Card - Level C","Karta dostępu – poziom C"
"A Level C electronic access card, the highest clearance level, granting access to the room containing the inventions at the Elwood Research Annex military base. Despite its age, it still works.","Elektroniczna karta dostępu poziomu C, najwyższego poziomu uprawnień, umożliwiająca dostęp do pomieszczenia z wynalazkami w bazie wojskowej Elwood Research Annex. Mimo wieku nadal działa."
"Farm Restorer Log","Dziennik Farm Restorera"
"A floppy disk found next to the Farm Restorer in the Elwood Research Annex. It contains the creator’s final notes about the machine, along with details on what components are still missing.","Dyskietka znaleziona obok Farm Restorera w Elwood Research Annex. Zawiera ostatnie notatki twórcy na temat urządzenia oraz informacje o brakujących elementach."
"Empty Seed Capsule","Pusta kapsuła na nasiona"
"A green capsule made for the Farm Restorer device. It is empty and ready to be filled with seeds.","Zielona kapsuła przeznaczona do urządzenia Farm Restorer. Jest pusta i gotowa do napełnienia nasionami."
"Car Battery","Akumulator samochodowy"
"A standard car battery, surprisingly still holding a charge after all these years. Useful as a portable power source.","Standardowy akumulator samochodowy, który zaskakująco nadal trzyma ładunek po tylu latach. Przydatny jako przenośne źródło zasilania."
"Cup of Noodles","Zupka instant"
"A cup of spicy Korean noodles. It survived the war intact, making it still safe to eat. A quick and filling meal that restores strength when you need it most. Restores 20 health points (HP).","Zupka z pikantnym koreańskim makaronem. Przetrwała wojnę w nienaruszonym stanie, dzięki czemu nadal nadaje się do jedzenia. Szybki i sycący posiłek, który przywraca siły, gdy są najbardziej potrzebne. Przywraca 20 HP."
"Coffee Can","Puszka kawy"
"A can of coffee that has surprisingly retained its aroma after all these years. The beans can be brewed into a drink that energizes and restores strength.","Puszka kawy, która zaskakująco dobrze zachowała swój aromat po tylu latach. Ziarna można zaparzyć, aby przygotować pobudzający napój przywracający siły."
"Tomato Soup Can","Puszka zupy pomidorowej"
"A can of tomato soup that survived the war in good condition. Simple, yet nourishing food. Restores 30 health points (HP).","Puszka zupy pomidorowej, która przetrwała wojnę w dobrym stanie. Proste, ale pożywne jedzenie. Przywraca 30 HP."
"Valve Pipe","Zawór"
"A small pipe with a valve, compatible with most hydraulic systems found in the post-nuclear world. Still in decent condition and ready to be used again.","Mała rurka z zaworem, pasująca do większości układów hydraulicznych spotykanych w postnuklearnym świecie. Nadal w dobrym stanie i gotowa do ponownego użycia."
"Bunker Hatch Key","Klucz do włazu bunkra"
"Bunker Hatch Key - a metal key that opens the hatch leading to the underground bunker located on Archi Farm.","Metalowy klucz otwierający właz prowadzący do podziemnego bunkra znajdującego się na farmie Archiego."
"Red Hawaiian Shirt","Czerwona hawajska koszula"
"A red Hawaiian shirt with beautifully painted palm leaves, bought in Silverton. Light and comfortable, perfect for hot days - even in a post-war world.","Czerwona hawajska koszula z pięknie wymalowanymi liśćmi palmowymi, kupiona w Silverton. Lekka i wygodna, idealna na upalne dni – nawet w świecie po wojnie."
"Old Military Uniform","Stary mundur wojskowy"
"An old U.S. military uniform, likely from the Vietnam War era. Despite its age, it remains in good condition. Grants +20 defense when equipped.","Stary mundur armii USA, prawdopodobnie z czasów wojny w Wietnamie. Mimo wieku nadal jest w dobrym stanie. Po założeniu zapewnia +20 do obrony."
"Blue Hawaiian Shirt","Niebieska hawajska koszula"
"A blue Hawaiian shirt decorated with a pattern of palm leaves. Light and breathable, perfect for hot days in the post-war world.","Niebieska hawajska koszula ozdobiona wzorem liści palmowych. Lekka i przewiewna, idealna na upalne dni w powojennym świecie."
"Black Eagle Jacket","Kurtka Czarnego Orła"
"A leather jacket worn by members of Baxton’s gang – the Black Eagles. It features an embroidered eagle on the back, the symbol of their crew. Grants +10 defense when equipped.","Skórzana kurtka noszona przez członków gangu Baxtona – Czarnych Orłów. Na plecach znajduje się wyszyty orzeł, symbol ich grupy. Po założeniu zapewnia +10 do obrony."
"Red Cap","Czerwona czapka"
"A red cap with the pre-war slogan “Make Arkansas Great Again.” Once a piece of propaganda, now just a relic of a bygone era.","Czerwona czapka z przedwojennym hasłem „Make Arkansas Great Again”. Kiedyś element propagandy, dziś tylko pamiątka minionej epoki."
"Lockpick","Wytrych"
"A foldable metal lockpick with two thin picking ends, designed for manipulating lock mechanisms. Compact and handy for quietly opening simple locks.","Składany metalowy wytrych z dwoma cienkimi końcówkami przeznaczonymi do manipulowania mechanizmami zamków. Kompaktowy i poręczny, pozwala po cichu otwierać proste zamki."
"Log 2097","Dziennik 2097"
"A floppy disk found among the tank wrecks in the canyon. It contains a record of the events from a few hours after the bombing of Little Rock in 2097.","Dyskietka znaleziona wśród wraków czołgów w kanionie. Zawiera zapis wydarzeń z kilku godzin po zbombardowaniu Little Rock w 2097 roku."
"Lockpicking for Everyone","Lockpicking for Everyone"
"A vintage pre-war magazine teaching lock manipulation and basic pick techniques. Reading it grants a permanent +1 Dexterity bonus.","Stary przedwojenny magazyn uczący otwierania zamków i podstawowych technik posługiwania się wytrychem. Przeczytanie zapewnia stały bonus +1 do Zręczności."
"First Aid for Beginners","First Aid for Beginners"
"A pre-war guide teaching the basics of lifesaving, wound treatment, and staying strong under pressure. Reading it grants a permanent +1 Strength bonus.","Przedwojenny poradnik uczący podstaw ratowania życia, opatrywania ran i zachowania siły pod presją. Przeczytanie zapewnia stały bonus +1 do Siły."
"The Shooter’s Handbook","The Shooter’s Handbook"
"A pre-war guide focused on aiming, target awareness, and accurate distance shooting. Reading it grants a permanent +1 Perception bonus.","Przedwojenny poradnik poświęcony celowaniu, obserwacji celu i precyzyjnemu strzelaniu na dystans. Przeczytanie zapewnia stały bonus +1 do Percepcji."
"Cigarettes","Papierosy"
"An old pack of Reddington cigarettes - a pre-war brand with a strong, heavy tobacco scent. The faded packaging shows years of storage in harsh conditions. On the wasteland, it is a rare commodity and often used for trade.","Stara paczka papierosów Reddington – przedwojennej marki o mocnym, ciężkim zapachu tytoniu. Wyblakłe opakowanie pokazuje, że przez lata były przechowywane w trudnych warunkach. Na pustkowiach to rzadki towar, często używany w handlu."
"Steel Can","Stalowa puszka"
"An empty steel can with the lid torn open. Useless as a container, but still a decent source of metal.","Pusta stalowa puszka z oderwanym wieczkiem. Nie nadaje się już do przechowywania, ale nadal jest niezłym źródłem metalu."
"Nuclear Battery","Bateria nuklearna"
"A pre-war power source designed to operate for decades. Rare and hard to find in the post-apocalyptic world, it is often used to power stoves and simple devices. More than just energy - it’s a reliable remnant of the old world.","Przedwojenne źródło energii zaprojektowane do działania przez dziesięciolecia. Rzadkie i trudne do znalezienia w postapokaliptycznym świecie, często służy do zasilania kuchenek i prostych urządzeń. To coś więcej niż energia – to niezawodna pozostałość dawnego świata."
"Presidents of the U.S.","Prezydenci USA"
"A pre-war book documenting the history of U.S. presidents. Rarely found in the post-apocalyptic world, it serves as a valuable relic of a bygone era. For survivors, it’s more than a list of names, it’s a glimpse into a world long gone.","Przedwojenna książka dokumentująca historię prezydentów USA. Rzadko spotykana w postapokaliptycznym świecie, stanowi cenną pamiątkę minionej epoki. Dla ocalałych to coś więcej niż lista nazwisk – to spojrzenie na dawno utracony świat."
"Milk Bottle","Butelka mleka"
"A bottle of fresh milk from local cows in Arkansas. A nutritious, natural drink that brings back the taste of the old, quieter days. Restores 15 HP.","Butelka świeżego mleka od miejscowych krów. Pożywny, naturalny napój przywołujący smak dawnych, spokojniejszych czasów. Przywraca 15 HP."
"Capsule with wheat","Kapsuła z pszenicą"
"A green capsule made for the Farm Restorer device. It is filled with wheat and ready for use.","Zielona kapsuła pasująca do Farm Restorera. Wypełniona pszenicą i gotowa do użycia."
"Old map of Arkansas","Stara mapa Arkansas"
"An old map of Arkansas found in a U.S. Army camp. A red cross marks the location where the unit commander may have gone.","Stara mapa Arkansas znaleziona w obozie armii USA. Czerwony krzyż wskazuje miejsce, do którego mógł udać się dowódca oddziału."
"Farm Restorer","Farm Restorer"
"An experimental device capable of creating large wheat farms. It can fertilize barren soil and restore life to devastated lands.","Eksperymentalne urządzenie, które potrafi tworzyć duże farmy pszenicy. Może użyźniać jałową glebę i przywracać życie zniszczonym terenom."
"Medkit","Apteczka"
"An extremely rare item found in the wastelands. When used, it instantly restores full health, saving the user even in the most critical situations.","Wyjątkowo rzadki przedmiot, który można znaleźć na pustkowiach. Po użyciu natychmiast przywraca pełne zdrowie, ratując użytkownika nawet w najbardziej krytycznej sytuacji."
"Cowboy hat","Kowbojski kapelusz"
"A simple leather hat commonly worn by men in the Republic of Arkansas. Durable and practical, it offers protection from the sun while reflecting the rugged style of the wastelands.","Prosty skórzany kapelusz powszechnie noszony przez mężczyzn w Republice Arkansas. Wytrzymały i praktyczny, chroni przed słońcem i pasuje do surowego stylu pustkowi."
"Poison Bottle","Butelka trucizny"
"A glass bottle filled with a highly toxic substance extracted from a Goldrax venom sac. Even a small amount can be lethal.","Szklana butelka wypełniona silnie toksyczną substancją pozyskaną z worka jadowego Goldraxa. Nawet niewielka ilość może być śmiertelna."
"Scrap Knife","Nóż ze złomu"
"A crude homemade knife forged from an old wrench. Weak and poorly balanced, but better than fighting bare-handed.
Required Strength: 1","Prosty domowej roboty nóż wykuty ze starego klucza prostego. Słaby i źle wyważony, ale lepsze to niż walka gołymi rękami.
Wymagana Siła: 1"
"Electro Axe","Elektrotopór"
"A modified fire axe fitted with scavenged electrical components. May shock enemies on impact, causing additional damage.
Required Strength: 5","Zmodyfikowana siekiera strażacka wyposażona w odzyskane elementy elektryczne. Przy trafieniu może porazić przeciwnika, zadając dodatkowe obrażenia.
Wymagana Siła: 5"
"K47 Assault Rifle (Drum Mag)","K47 Assault Rifle (z magazynkiem bębnowy)"
"The K47 Assault Rifle is a reliable automatic weapon, valued for its simplicity and durability. Chambered in 7.62x39 mm, it features a plastic stock, making it lighter and more practical than older models. Known for its effectiveness and ease of use. This rare variant is equipped with a drum magazine.
Required Strength: 8","K47 to niezawodny karabin automatyczny, ceniony za prostotę i wytrzymałość. Używa amunicji 7,62×39 mm i ma plastikową kolbę, dzięki czemu jest lżejszy i bardziej praktyczny od starszych modeli. Jest skuteczny i łatwy w obsłudze. Ta rzadka wersja posiada magazynek bębnowy.
Wymagana Siła: 8"
"M4 Carbine","Karabinek M4"
"A lightweight and versatile automatic carbine valued for its accuracy and ease of handling. Its modern design provides good recoil control and excellent effectiveness at both short and medium ranges.
Required Strength: 9","Lekki i uniwersalny karabinek automatyczny ceniony za celność i łatwość obsługi. Nowoczesna konstrukcja zapewnia dobrą kontrolę odrzutu i wysoką skuteczność na krótkim i średnim dystansie.
Wymagana Siła: 9"
"5.56 mm ammunition","Amunicja 5,56 mm"
"5.56mm ammunition is commonly used in carbines and assault rifles, valued for its high velocity, accuracy, and manageable recoil. Typical bullets weigh 3.5-4.5 grams.","Amunicja 5,56 mm jest powszechnie używana w karabinkach i karabinach szturmowych. Ceniona za dużą prędkość, celność i umiarkowany odrzut. Typowe pociski ważą 3,5–4,5 grama."
"Old newspaper","Stara gazeta"
"A pre-war newspaper from the early 21st century reporting on alarming signs of climate change.","Przedwojenna gazeta z początku XXI wieku opisująca niepokojące oznaki zmian klimatycznych."
"Fertilizer","Nawóz"
"A pre-war bag of agricultural fertilizer, still sealed and full. Rich in nitrogen, phosphorus, and potassium, it was once used to improve soil fertility and increase crop yields.","Przedwojenny worek nawozu rolniczego, nadal szczelnie zamknięty i pełny. Bogaty w azot, fosfor i potas, był używany do poprawy żyzności gleby i zwiększania plonów."
"Dog tag","Nieśmiertelnik"
"Dog tag recovered from the body of a dead soldier in a canyon filled with radioactive waste. The name ""DANIEL"" is engraved on the metal tag.","Nieśmiertelnik znaleziony przy ciele martwego żołnierza w kanionie pełnym radioaktywnych odpadów. Na metalowej blaszce wygrawerowano imię „DANIEL”."
"Fried Fish","Smażona ryba"
"A fried fish caught by local fishermen. Frying has removed the radiation, making it safe to eat. Restores 5 HP.","Smażona ryba złowiona przez miejscowych rybaków. Smażenie usunęło promieniowanie, dzięki czemu można ją bezpiecznie jeść. Przywraca 5 HP."
"Nie masz aktualnych zadań!","Nie masz aktualnych zadań!"
"Amount","Ilość"
"Value","Wartość"
"Harry S. Truman (1945–1953)

Party: Democratic
Harry S. Truman assumed the presidency after the death of Franklin D. Roosevelt at one of the most critical moments in U.S. history. He authorized the use of atomic weapons against Japan, bringing World War II to an end. In the postwar years, he focused on rebuilding Western Europe through the Marshall Plan, strengthening America’s global influence. He introduced the Truman Doctrine, which became a foundation of U.S. foreign policy toward the Soviet Union. His presidency marked the beginning of a prolonged rivalry between the two superpowers.","Harry S. Truman (1945–1953)

Partia: Demokratyczna
Harry S. Truman objął urząd prezydenta po śmierci Franklina D. Roosevelta w jednym z najbardziej krytycznych momentów w historii USA. Zezwolił na użycie broni atomowej przeciwko Japonii, doprowadzając do zakończenia II wojny światowej. W latach powojennych skupił się na odbudowie Europy Zachodniej poprzez Plan Marshalla, wzmacniając globalne wpływy Ameryki. Wprowadził doktrynę Trumana, która stała się podstawą polityki zagranicznej USA wobec Związku Radzieckiego. Jego prezydentura zapoczątkowała długotrwałą rywalizację między dwoma supermocarstwami."
"Dwight D. Eisenhower (1953–1961)

Party: Republican
Dwight D. Eisenhower was a highly respected general and Supreme Commander of Allied forces in Europe during World War II. As president, he brought military discipline and pragmatism to civilian leadership. He emphasized economic stability and oversaw major infrastructure projects, most notably the Interstate Highway System. In foreign policy, he relied on nuclear deterrence and the maintenance of a balance of power. His presidency is often associated with stability and economic growth.","Dwight D. Eisenhower (1953–1961)

Partia: Republikańska
Dwight D. Eisenhower był cenionym generałem i Naczelnym Dowódcą Sił Sojuszniczych w Europie podczas II wojny światowej. Jako prezydent wniósł wojskową dyscyplinę i pragmatyzm do cywilnego przywództwa. Skupił się na stabilności gospodarczej i nadzorował wielkie projekty infrastrukturalne, przede wszystkim budowę systemu autostrad międzystanowych. W polityce zagranicznej opierał się na odstraszaniu nuklearnym i utrzymywaniu równowagi sił. Jego prezydentura często kojarzona jest ze stabilnością i wzrostem gospodarczym."
"John F. Kennedy (1961–1963)

Party: Democratic
John F. Kennedy was one of the youngest presidents in U.S. history and a symbol of a new generation of leadership. His presidency took place during a period of intense international tension and rapid social change. He was assassinated on November 22, 1963, in Dallas, Texas, while traveling in a presidential motorcade. Lee Harvey Oswald was accused of the assassination but was shot and killed two days later by Jack Ruby before standing trial. The circumstances of the assassination remain the subject of ongoing debate. His image appears on the 100-dollar bill.","John F. Kennedy (1961–1963)

Partia: Demokratyczna
John F. Kennedy był jednym z najmłodszych prezydentów w historii USA i symbolem nowego pokolenia przywódców. Jego prezydentura przypadła na okres silnych napięć międzynarodowych i szybkich przemian społecznych. Został zamordowany 22 listopada 1963 roku w Dallas w Teksasie podczas przejazdu prezydenckiej kolumny. Lee Harvey Oswald został oskarżony o zamach, ale dwa dni później został zastrzelony przez Jacka Ruby'ego, zanim stanął przed sądem. Okoliczności zamachu wciąż są przedmiotem debat. Jego wizerunek znajduje się na banknocie 100-dolarowym."
"Lyndon B. Johnson (1963–1969)

Party: Democratic
Lyndon B. Johnson assumed office following Kennedy’s assassination and quickly established himself as a powerful political leader. He launched an ambitious set of domestic reforms known as the “Great Society.” These reforms expanded civil rights protections and significantly increased federal social programs. At the same time, his presidency was marked by a major escalation of the Vietnam War. The conflict triggered widespread protests and deep divisions within American society.","Lyndon B. Johnson (1963–1969)

Partia: Demokratyczna
Lyndon B. Johnson objął urząd po zamachu na Kennedy'ego i szybko dał się poznać jako silny przywódca polityczny. Wprowadził ambitny program reform wewnętrznych znany jako „Wielkie Społeczeństwo”. Reformy te rozszerzyły ochronę praw obywatelskich i znacznie zwiększyły federalne programy socjalne. Jednocześnie jego prezydentura była naznaczona znacznym nasileniem wojny w Wietnamie. Konflikt wywołał masowe protesty i głębokie podziały w amerykańskim społeczeństwie."
"Richard Nixon (1969–1974)

Party: Republican
Richard Nixon pursued an active and pragmatic foreign policy during the Cold War. He normalized relations with the People’s Republic of China and signed arms limitation agreements with the Soviet Union. Nixon also oversaw the end of direct U.S. military involvement in the Vietnam War. His presidency, however, was overshadowed by the Watergate scandal. As a result, he became the first U.S. president to resign from office.","Richard Nixon (1969–1974)

Partia: Republikańska
Richard Nixon prowadził aktywną i pragmatyczną politykę zagraniczną podczas zimnej wojny. Nawiązał stosunki z Chińską Republiką Ludową i podpisał z ZSRR porozumienia ograniczające zbrojenia. Nixon doprowadził również do zakończenia bezpośredniego udziału sił USA w wojnie w Wietnamie. Jego prezydenturę przyćmiła jednak afera Watergate. W jej wyniku został pierwszym prezydentem USA, który zrezygnował z urzędu."
"Gerald Ford (1974–1977)

Party: Republican
Gerald Ford assumed the presidency after Richard Nixon’s resignation during a severe political crisis. He was the only U.S. president never elected as either president or vice president. His most controversial decision was granting a full pardon to Nixon, intended to bring national healing. The move was widely criticized and damaged his public support. Ford’s presidency focused on restoring trust in government institutions.","Gerald Ford (1974–1977)

Partia: Republikańska
Gerald Ford objął urząd prezydenta po rezygnacji Richarda Nixona podczas poważnego kryzysu politycznego. Był jedynym prezydentem USA, który nigdy nie został wybrany ani na prezydenta, ani na wiceprezydenta. Jego najbardziej kontrowersyjną decyzją było udzielenie Nixonowi pełnego ułaskawienia, które miało pomóc w uzdrowieniu sytuacji w kraju. Decyzja spotkała się z powszechną krytyką i osłabiła jego poparcie społeczne. Prezydentura Forda skupiała się na odbudowie zaufania do instytucji państwowych."
"Jimmy Carter (1977–1981)

Party: Democratic
Jimmy Carter emphasized ethics, human rights, and diplomacy in both domestic and foreign policy. His greatest diplomatic achievement was the Camp David Accords between Egypt and Israel. Domestically, his administration struggled with high inflation and an energy crisis. His presidency was further weakened by the Iran hostage crisis. These challenges significantly undermined his political standing.","Jimmy Carter (1977–1981)

Partia: Demokratyczna
Jimmy Carter kładł nacisk na etykę, prawa człowieka i dyplomację zarówno w polityce wewnętrznej, jak i zagranicznej. Jego największym sukcesem dyplomatycznym były porozumienia z Camp David między Egiptem a Izraelem. W kraju jego administracja zmagała się z wysoką inflacją i kryzysem energetycznym. Jego prezydenturę dodatkowo osłabił kryzys zakładników w Iranie. Wydarzenia te znacznie podkopały jego pozycję polityczną."
"Ronald Reagan (1981–1989)

Party: Republican
Ronald Reagan was one of the most distinctive figures in late twentieth-century American politics. A former actor, he was known for his communication skills and strong public image. He implemented economic reforms based on tax cuts and market deregulation. Reagan significantly increased defense spending and expanded U.S. military capabilities. His presidency reinforced the perception of American strength and global influence.","Ronald Reagan (1981–1989)

Partia: Republikańska
Ronald Reagan był jedną z najbardziej charakterystycznych postaci amerykańskiej polityki końca XX wieku. Były aktor, znany był ze swoich umiejętności komunikacyjnych i silnego wizerunku publicznego. Wprowadził reformy gospodarcze oparte na obniżkach podatków i deregulacji rynku. Reagan znacznie zwiększył wydatki na obronność i rozbudował potencjał militarny USA. Jego prezydentura umocniła wizerunek Ameryki jako silnego państwa o globalnych wpływach."
"George H. W. Bush (1989–1993)

Party: Republican
George H. W. Bush was an experienced politician and diplomat who had previously served as vice president and Director of Central Intelligence. He assumed office during a period of major international tension and change. The defining event of his presidency was the Gulf War. Bush led a broad international coalition, demonstrating U.S. military and diplomatic leadership. His governing style emphasized alliances and pragmatic diplomacy.","George H. W. Bush (1989–1993)

Partia: Republikańska
George H. W. Bush był doświadczonym politykiem i dyplomatą, który wcześniej pełnił funkcję wiceprezydenta i dyrektora Centralnej Agencji Wywiadowczej. Objął urząd w okresie wielkich międzynarodowych napięć i zmian. Najważniejszym wydarzeniem jego prezydentury była wojna w Zatoce Perskiej. Bush stanął na czele szerokiej międzynarodowej koalicji, pokazując siłę militarną i dyplomatyczną USA. Jego styl rządzenia opierał się na sojuszach i pragmatycznej dyplomacji."
"Fort Dustwalker
Location: Nevada

Set amid the vast, wind-swept flats of central Nevada, Fort Dustwalker was a quiet but persistent presence in the region’s arid expanse. Its primary functions were never formally stated, though its infrastructure hinted at long-term operations and minimal dependency on external supply lines. Personnel assigned here often underwent lengthy rotations and reported a unique blend of isolation and discipline. Dustwalker was not frequently mentioned in official communiqués, nor was it commonly marked on military route maps, giving rise to the informal nickname “The Whispering Fort.” The surrounding area remains undeveloped to this day.

Coordinates: 38.5210° N, 116.7873° W","Fort Dustwalker
Lokalizacja: Nevada

Położony pośród rozległych, smaganych wiatrem równin środkowej Nevady Fort Dustwalker był cichą, lecz stałą obecnością na tym suchym obszarze. Jego główne funkcje nigdy nie zostały oficjalnie ujawnione, choć infrastruktura wskazywała na długoterminowe działania i niewielką zależność od dostaw z zewnątrz. Personel przydzielony do fortu często odbywał długie rotacje i doświadczał wyjątkowego połączenia izolacji i dyscypliny. Dustwalker rzadko pojawiał się w oficjalnych komunikatach i nie był zaznaczany na wojskowych mapach tras, przez co zyskał nieoficjalny przydomek „Szeptany Fort”. Okoliczny teren do dziś pozostaje niezagospodarowany.

Współrzędne: 38.5210° N, 116.7873° W"
"Camp Saberline
Location: Texas

Located on the outer edges of western Texas plains, Camp Saberline served as a rotational training post with a reputation for speed, structure, and adaptability. While outwardly modest, its internal design allowed for quick mobilization and multi-unit accommodation. Activity within the camp was frequent but discreet, with few public mentions beyond vague references to “joint preparedness programs.” Saberline’s personnel were noted for operating under tight turnover schedules, suggesting the base was more dynamic than it appeared. Observers often remarked on the curious absence of signage and its nearly invisible footprint from ground-level approach.

Coordinates: 32.3982° N, 100.0915° W","Camp Saberline
Lokalizacja: Teksas

Położony na obrzeżach zachodnich równin Teksasu Camp Saberline służył jako rotacyjny ośrodek szkoleniowy znany z szybkości, dyscypliny i elastyczności. Choć z zewnątrz niepozorny, jego układ pozwalał na szybką mobilizację i zakwaterowanie wielu jednostek. W obozie często panował ruch, lecz wszystko odbywało się dyskretnie, a publiczne wzmianki ograniczały się do niejasnych odniesień do „programów wspólnego przygotowania”. Personel Saberline był znany z pracy według napiętych harmonogramów rotacji, co sugerowało, że baza była bardziej dynamiczna, niż mogło się wydawać. Obserwatorzy często zwracali uwagę na dziwny brak oznaczeń i niemal niewidoczną obecność obozu z poziomu ziemi.

Współrzędne: 32.3982° N, 100.0915° W"
"Elwood Research Annex
Location: Arkansas

Hidden in a forested canyon just south of Parkdale, the Elwood Annex appeared on few official maps and was seldom referenced outside agricultural circles. Officially associated with sustainable development projects, the facility maintained a low but steady operational profile. Some declassified memos hinted at environmental simulations and contingency strategies for post-crisis recovery, most notably experimental work on a so-called “Farm Restorer,” a device designed to restore large-scale wheat farms engineered to withstand radiation following catastrophic events.

Access remained highly restricted, and residents reported quiet night shipments.

Coordinates: 33.0632° N, 91.5782° W","Elwood Research Annex
Lokalizacja: Arkansas

Ukryty w zalesionym kanionie na południe od Parkdale ośrodek Elwood Annex pojawiał się na nielicznych oficjalnych mapach i rzadko wspominano o nim poza kręgami związanymi z rolnictwem. Oficjalnie był związany z projektami zrównoważonego rozwoju i działał na niewielką, lecz stałą skalę. Niektóre odtajnione notatki sugerowały prowadzenie symulacji środowiskowych i opracowywanie strategii awaryjnych na wypadek kryzysu, w szczególności eksperymentalnych prac nad urządzeniem zwanym „Farm Restorer”, zaprojektowanym do odtwarzania wielkoobszarowych farm pszenicy odpornych na promieniowanie po katastrofalnych wydarzeniach.

Dostęp do bazy jest ograniczony. Mieszkańcy wspominali o nocnych dostawach.

Współrzędne: 33.0632° N, 91.5782° W"
"Improvised Tourniquet

Field personnel are advised to fashion a tourniquet only when severe limb bleeding cannot be controlled by direct pressure. A strip of sturdy cloth (3–5 cm wide) and a rigid lever, such as a screwdriver or tent peg, suffice. Wrap the cloth two finger-breadths above the wound, knot once, insert the lever, twist until bleeding slows, then secure. Mark the casualty’s forehead with a “T” and note the application time. Loosen briefly every 30 minutes to assess viability.","Improwizowana opaska uciskowa

Personel terenowy powinien stosować opaskę uciskową tylko wtedy, gdy silnego krwawienia z kończyny nie można zatamować bezpośrednim uciskiem. Wystarczy pasek mocnego materiału o szerokości 3–5 cm i sztywny przedmiot, taki jak śrubokręt lub kołek namiotowy. Owiń materiał dwa palce powyżej rany, zawiąż raz, włóż sztywny przedmiot i przekręcaj go, aż krwawienie zwolni, a następnie zabezpiecz opaskę. Oznacz czoło poszkodowanego literą „T” i zanotuj czas założenia opaski. Co 30 minut na krótko poluzuj ją, aby ocenić stan kończyny."
"Radiation Sickness

Symptoms may appear within hours of exposure to high-energy fallout: nausea, skin redness, and sudden fatigue. Initial treatment begins with decontamination - remove clothing, wash thoroughly with soap, and isolate contaminated water. If available, administer Radkiller: it is 100% effective at neutralizing mild radiation, but multiple doses are required in cases of severe exposure. Supportive care with antiemetics and electrolyte fluids is recommended. In the absence of lab equipment, use fever and fatigue as markers of immune suppression.","Choroba popromienna

Objawy mogą pojawić się w ciągu kilku godzin od narażenia na wysokoenergetyczne opady promieniotwórcze: nudności, zaczerwienienie skóry i nagłe zmęczenie. Pierwszym etapem leczenia jest dekontaminacja – zdejmij ubranie, dokładnie umyj ciało mydłem i odizoluj skażoną wodę. Jeśli jest dostępny, podaj Radkillera: jest w 100% skuteczny w neutralizowaniu lekkiego napromieniowania, ale w przypadku silnego narażenia konieczne jest podanie kilku dawek. Zaleca się również leczenie objawowe za pomocą leków przeciwwymiotnych i płynów z elektrolitami. W przypadku braku sprzętu laboratoryjnego jako oznaki osłabienia odporności należy obserwować gorączkę i zmęczenie."
"Zombie Bite Protocol

Though the precise nature of zombie infection is not fully understood, certain field measures have shown consistent success. Begin by irrigating the bite wound with clean water, followed by antiseptic or high-proof alcohol. Splint the affected limb and monitor the patient closely. If signs of transformation appear - disorientation, aggression, or pale, clammy skin - a stabilizing compound must be administered immediately. Current protocol advises mixing Radkiller with a standard HealthPak. This combination has been shown to fully halt the infection and restore the patient’s condition to pre-bite status, provided it is administered in time.","Postępowanie w przypadku ugryzienia przez zombie

Choć dokładna natura zakażenia zombie nie jest w pełni poznana, niektóre działania terenowe przynoszą powtarzalnie dobre rezultaty. Najpierw przepłucz ranę po ugryzieniu czystą wodą, a następnie środkiem antyseptycznym lub mocnym alkoholem. Unieruchom zranioną kończynę i uważnie obserwuj pacjenta. Jeśli pojawią się oznaki przemiany – dezorientacja, agresja lub blada, wilgotna skóra – należy natychmiast podać środek stabilizujący. Obecny protokół zaleca połączenie Radkillera ze standardowym HealthPakiem. Wykazano, że takie połączenie całkowicie zatrzymuje infekcję i przywraca stan pacjenta do poziomu sprzed ugryzienia, o ile zostanie podane na czas."
"2097-05-21
23:18

This is probably the most important day of my life. I have finally managed to create the Farm Restorer prototype.
If the world truly collapses in nuclear fire, this device will give people a chance. On scorched, radioactive wastelands it will be possible to create vast farms of radiation-resistant crops, places where everyone will have access to food and where the widespread hunger that may follow the war will no longer be a threat.

I am only missing two elements: a power source and suitable seeds.
The power source does not need to be complicated. After the war, car batteries will be everywhere, in the wrecks of abandoned vehicles. This is a perfect and easily accessible solution.","2097-05-21
23:18

To prawdopodobnie najważniejszy dzień w moim życiu. W końcu udało mi się stworzyć prototyp Farm Restorera.
Jeśli świat naprawdę pogrąży się w nuklearnym ogniu, to urządzenie da ludziom szansę. Na spieczonych, napromieniowanych pustkowiach będzie można tworzyć ogromne farmy upraw odpornych na promieniowanie, miejsca, w których każdy będzie miał dostęp do żywności i gdzie powszechny głód, który może nastąpić po wojnie, nie będzie już zagrożeniem.

Brakuje mi tylko dwóch rzeczy: źródła zasilania i odpowiednich nasion.
Źródło zasilania nie musi być skomplikowane. Po wojnie akumulatory samochodowe będą wszędzie, w wrakach porzuconych pojazdów. To idealne i łatwo dostępne rozwiązanie."
"As for seeds, the best option would be modified wheat, resistant and fast-growing. I’m sure it can be found somewhere. The grains just need to be placed in special containers – I have a few empty ones in the cabinet nearby, they fit perfectly with the device.

For now, I’ll close my eyes. Tomorrow I’ll ask one of the soldiers to go and fetch the seeds for me.
And after that, we’ll run the first test of my invention.","Jeśli chodzi o nasiona, najlepszym rozwiązaniem byłaby zmodyfikowana pszenica, odporna i szybko rosnąca. Jestem pewien, że można ją gdzieś znaleźć. Ziarna trzeba tylko umieścić w specjalnych pojemnikach – mam kilka pustych w pobliskiej szafce, idealnie pasują do urządzenia.

Na razie zamknę oczy. Jutro poproszę jednego z żołnierzy, żeby poszedł i przyniósł mi nasiona.
A potem przeprowadzimy pierwszy test mojego wynalazku."
"REPUBLIC OF ARKANSAS
MINISTRY OF FOREIGN AFFAIRS
EMBASSY DIVISION

ENTRY PERMIT

This document certifies that Thomas, recognized as a free person without citizenship, is hereby granted authorization to enter the capital city of the Republic of Arkansas - Evergreen City - and to travel freely within the territories designated as open to non-citizens.

Issued by:
Franklin Wells
Ambassador of the Republic of Arkansas

Year: 2125","REPUBLIKA ARKANSAS
MINISTERSTWO SPRAW ZAGRANICZNYCH
WYDZIAŁ AMBASAD

ZEZWOLENIE NA WJAZD

Niniejszy dokument potwierdza, że Thomas, uznany za osobę wolną i nieposiadającą obywatelstwa, otrzymuje zezwolenie na wjazd do stolicy Republiki Arkansas – Evergreen City – oraz swobodne podróżowanie po terytoriach wyznaczonych jako dostępne dla osób nieposiadających obywatelstwa.

Wydano przez:
Franklin Wells
Ambasador Republiki Arkansas

Rok: 2125"
"Supply List for Pinehill


1. 5 barrels of clean water
2. 60 cans of food (meat, vegetables)
3. 20 medical kits (HealthPaks)
4. 10 packs of Radkillers
5. 3 crates of fresh corn cobs
6. carrot seeds
7. tomato seeds
8. cabbage seeds
9. 9 crates of beer
10. 2 barrels of wine

Please send these supplies no later than the next convoy.

Mark Caldwell","Lista zaopatrzenia dla Pinehill


1. 5 beczek czystej wody
2. 60 puszek żywności (mięso, warzywa)
3. 20 zestawów medycznych (HealthPaków)
4. 10 paczek Radkillera
5. 3 skrzynie świeżych kolb kukurydzy
6. nasiona marchwi
7. nasiona pomidorów
8. nasiona kapusty
9. 9 skrzyń piwa
10. 2 beczki wina

Proszę dostarczyć te zapasy najpóźniej z następnym konwojem.

Mark Caldwell"
"REPUBLIC OF ARKANSAS
DRINKING WATER CONTRACT

This Contract is made on this 2125
between Silverton and Little Rock.

Silverton agrees to supply Little Rock
with one barrel of drinking water per
week.

IN WITNESS WHEREOF, the undersigned
have executed this Contract.","REPUBLIKA ARKANSAS
UMOWA NA DOSTAWĘ WODY PITNEJ

Niniejsza umowa zostaje zawarta w 2125 roku pomiędzy Silverton a Little Rock.

Silverton zobowiązuje się dostarczać Little Rock jedną beczkę wody pitnej tygodniowo.

NA DOWÓD CZEGO niżej podpisani
zawarli niniejszą umowę."
"REPUBLIC OF ARKANSAS
DRINKING WATER CONTRACT

This Contract is made on this 2125
between Silverton and Little Rock.

Silverton agrees to supply Little Rock
with one barrel of drinking water per
week.

IN WITNESS WHEREOF, the undersigned
have executed this Contract.

Morrow Jonson","REPUBLIKA ARKANSAS
UMOWA NA DOSTAWĘ WODY PITNEJ

Niniejsza umowa zostaje zawarta w 2125 roku pomiędzy Silverton a Little Rock.

Silverton zobowiązuje się dostarczać Little Rock jedną beczkę wody pitnej tygodniowo.

NA DOWÓD CZEGO niżej podpisani
zawarli niniejszą umowę.

Morrow Jonson"
"2097-05-23

05:42

Unfortunately, it happened. War has broken out. We received orders from Washington to head to Little Rock and we are departing today. The city was hit directly, but according to the last emergency transmissions before the networks collapsed, there may still be survivors, likely in underground structures and on the outskirts of the city. Command ordered us to take care of any survivors in the ruins.

All access cards to the Elwood Research Annex have been secured and taken by technical personnel. Nothing will be left behind. Systems in sectors 7 through 10 must not fall into the wrong hands, even now.","23.05.2097

05:42

Niestety, stało się. Wybuchła wojna. Otrzymaliśmy rozkaz z Waszyngtonu, by udać się do Little Rock. Wyruszamy jeszcze dzisiaj. Miasto zostało bezpośrednio trafione, ale według ostatnich komunikatów alarmowych przed upadkiem sieci mogą tam nadal być ocaleni, najpewniej w podziemnych strukturach i na obrzeżach miasta. Dowództwo rozkazało nam zająć się ocalałymi w ruinach.

Wszystkie karty dostępu do Elwood Research Annex zostały zabezpieczone i zabrane przez personel techniczny. Nic nie może tam pozostać. Systemy w sektorach od 7 do 10 nie mogą wpaść w niepowołane ręce, nawet teraz."
"It is difficult to assess the full extent of the damage. The sky is still dark, radiation levels are high, and our reconnaissance drones lose signal every few kilometers.

Moving along the old roads will be dangerous, but we have no alternative.

They say this is not over yet. But if anyone is alive in Little Rock, we have a duty to find them.","Trudno ocenić pełny rozmiar zniszczeń. Niebo wciąż jest ciemne, poziom promieniowania jest wysoki, a nasze drony zwiadowcze tracą sygnał co kilka kilometrów.

Podróż starymi drogami będzie niebezpieczna, ale nie mamy innego wyjścia.

Mówią, że to jeszcze nie koniec. Ale jeśli w Little Rock ktoś przeżył, naszym obowiązkiem jest go odnaleźć."
"From: President Nixon, Evergreen City
To: Elder Barnabas, Clearwater


Dear Elder Barnabas,

In these challenging times, unity is our greatest strength. The administration of Evergreen City proposes to establish a formal alliance with Clearwater to enhance mutual security, share resources, and rebuild our communities together.

This cooperation would include:
- Joint patrols against bandits and raiders
- Exchange of food and medical supplies
- Shared access to technical knowledge and archives

We believe that by working together, our settlements can thrive despite the hardships.
","Od: Prezydent Nixon, Evergreen City
Do: Starszy Barnabas, Clearwater

Drogi Starszy Barnabasie,

W tych trudnych czasach jedność jest naszą największą siłą. Administracja Evergreen City proponuje zawarcie formalnego sojuszu z Clearwater, aby zwiększyć wzajemne bezpieczeństwo, dzielić się zasobami i wspólnie odbudowywać nasze społeczności.

Współpraca obejmowałaby:

- Wspólne patrole przeciwko bandytom i rabusiom

- Wymianę żywności i środków medycznych

- Wspólny dostęp do wiedzy technicznej i archiwów

Wierzymy, że współpracując, nasze osady mogą się rozwijać mimo trudnych warunków."
"We kindly ask you to consider this proposal as soon as possible.

Respectfully,
President Nixon","Uprzejmie prosimy o rozważenie tej propozycji w możliwie krótkim czasie.

Z poważaniem,
Prezydent Nixon"
"Player stats

Player stats describe the hero’s core abilities and have a direct impact on combat, exploration, and how challenges are solved.

Strength represents physical endurance and melee combat ability. It affects maximum health points, damage dealt with fists and melee weapons, and the ability to handle heavy objects. High Strength increases survivability and effectiveness in close combat.

Dexterity represents reflexes and physical agility. It affects the chance to dodge incoming attacks, the ability to open mechanical locks using lockpicks, and the number of Action Points (AP) available during combat. High Dexterity allows the character to avoid damage more effectively, perform more actions each turn, and react faster in combat situations.","Statystyki postaci

Statystyki postaci opisują jej najważniejsze zdolności i mają bezpośredni wpływ na walkę, eksplorację oraz sposób rozwiązywania napotkanych problemów.

Siła (Strength) określa wytrzymałość fizyczną i umiejętność walki wręcz. Wpływa na maksymalną liczbę punktów zdrowia, obrażenia zadawane pięściami i bronią białą oraz możliwość posługiwania się ciężkimi przedmiotami. Wysoka Siła zwiększa wytrzymałość i skuteczność w walce z bliska.

Zręczność (Dexterity) określa refleks i sprawność fizyczną. Wpływa na szansę uniknięcia ataków, możliwość otwierania zamków wytrychami oraz liczbę Punktów Akcji (PA) dostępnych podczas walki. Wysoka Zręczność pozwala skuteczniej unikać obrażeń, wykonywać więcej akcji w jednej turze i szybciej reagować w walce."
"Characters with Dexterity 1–3 have 3 AP, Dexterity 4–7 have 4 AP, and Dexterity 8–10 have 5 AP.

Perception represents awareness and precision. It affects the chance to hit with firearms as well as the chance to land critical hits that deal increased damage. High Perception allows the character to strike targets more accurately and deal powerful, precise attacks more often.

Technical represents technical knowledge and the ability to operate devices. It affects the chance to successfully repair equipment, recover parts from damaged machines, open electronic and code-locked doors, and access special technical dialogue options.","Zręczność 1–3 daje 3 PA, Zręczność 4–7 daje 4 PA, a Zręczność 8–10 daje 5 PA.

Percepcja (Perception) określa spostrzegawczość i celność. Wpływa na szansę trafienia z broni palnej oraz na szansę zadania trafienia krytycznego, które zadaje zwiększone obrażenia. Wysoka Percepcja pozwala postaci celniej trafiać w cele i częściej zadawać potężne, precyzyjne ataki.

Technika (Technical) określa wiedzę techniczną i umiejętność obsługi urządzeń. Wpływa na szansę skutecznej naprawy sprzętu, odzyskiwania części z uszkodzonych maszyn, otwierania drzwi elektronicznych i zabezpieczonych kodem oraz uzyskiwania dostępu do specjalnych opcji dialogowych związanych z techniką."
"You don't have enough money to buy this!","Nie masz wystarczająco pieniędzy, żeby to kupić!"
"doesn't have enough money to buy this!","nie ma wystarczająco pieniędzy, żeby to kupić!"
"Location","Lokalizacja"
"Complete Quests","Ukończone zadania"
"Name","Imię"
"Health","Zdrowie"
"Radiation level","Napromieniowanie"
"Day","Dzień"
"Level","Poziom"
"Armor defense","Obrona pancerza"
"27 point(s).","27 punktów."
"loses 54 point(s).","traci 54 pkt."
"loses 24 point(s).","traci 24 pkt."
"12 point(s).","12 punktów."
"22 point(s).","22 punkty."
"loses 44 point(s).","traci 44 pkt."
"loses 50 point(s).","traci 50 pkt."
"25 point(s).","25 punktów."
"7 point(s).","7 punktów."
"loses 14 point(s).","traci 14 pkt."
"3 point(s).","3 punkty."
"loses 6 point(s).","traci 6 pkt."
"13 point(s).","13 punktów."
"loses 26 point(s).","traci 26 pkt."
"You're hit! You lose 5","Thomas oberwał! Traci 5"
"CRITICAL HIT! You lose 10","KRYTYK! Thomas traci 10"
"You're hit! You lose 3","Thomas oberwał! Traci 3"
"CRITICAL HIT! You lose 6","KRYTYK! Thomas traci 6"
"CRITICAL HIT! You lose 15","KRYTYK! Thomas traci 15"
"CRITICAL HIT! You lose 4","KRYTYK! Thomas traci 4"
"You're hit! You lose 2","Thomas oberwał! Traci 2"
"CRITICAL HIT! You lose 16","KRYTYK! Thomas traci 16"
"Gas Station","Stacja benzynowa"
"Junkyard","Złomowisko"
"Clearwater	","Clearwater "
"Home","Dom"
"Unexplored","Nieodkryte"
"Radio Tower","Wieża radiowa"
"Thomas","Thomas"
"Army Camp","Obóz wojskowy"
"Bandit Camp","Obóz bandytów"
"Are you sure you want to quit the game?","Czy na pewno chcesz wyjść z gry?"
"You haven't allocated all available points. 
Unspent points will be lost.
Are you sure you want to continue?","Nie przydzieliłeś wszystkich punktów.
Niewykorzystane punkty zostaną utracone.
Czy na pewno chcesz kontynuować?"
"You cannot save the game in this area.","Nie możesz zapisać gry w tym miejscu."
"You cannot save during combat.","Nie możesz zapisać gry podczas walki."
"This is an electro axe","To jest Elektrotopór"
"■ Electro Axe","■ Elektrotopór"
"■ 5.56 mm ammunition x25","■ Amunicja 5,56 mm x25"
"Press Enter or LMB to continue","Naciśnij Enter lub LPM, aby kontynuować"
"This is a mortadella","To jest mortadela"
"This is Kamil","To jest Kamil"
"Mmm, this mortadella is so tasty!","Mmm, ale smaczna mortadela!"
"Don't call me Kovalenko!","Nie mów do mnie Kovalenko!"
"■ Baked Beans","■ Fasolka po bretońsku"
"This is a bread","To jest chleb"
"This is a watering can","To jest konewka"
"Restorer. It’s","Restorera, bo jest on"
"incomplete.","niekompletny."
"This is an access card","To jest karta dostępu"
"I'm sorry. I have nothing for sale.","Przykro mi. Nie mam nic na sprzedaż."
"This is a mill","To jest młyn"
"This is Lucas","To jest Lucas"
"This is a fuel pylon","To jest pylon paliwowy"
"Fridge is locked.","Lodówka jest zamknięta."
"money.","pieniędzy."
"You need a valve","Potrzebujesz zaworu"
"Quest Complete","Ukończono zadanie"
"This item doesn’t fit.","Ten przedmiot nie pasuje."
"Use the correct key.","Użyj właściwego klucza."
"CRITICAL HIT! You lose 9","KRYTYK! Thomas traci 9"
"This is a village wall","To jest mur"
"Oh, we meet again. What do you need this time?","O, znowu się spotykamy. Czego tym razem potrzebujesz?"
